,left_hip_joint,left_knee_joint,left_ankle_joint,right_hip_joint,right_knee_joint,right_ankle_joint
0,47.34504,47.30718,19.973124,99.90309,29.075083,42.76659
1,47.332428,47.193306,19.930357,99.835434,29.119957,42.810493
2,47.362934,47.085194,19.93738,99.753395,29.192272,42.844257
3,47.23041,47.027695,19.896809,99.66589,29.299513,43.025146
4,47.042587,47.10974,19.88415,99.62636,29.405092,43.132473
5,46.973423,47.021343,19.87499,99.470604,29.571148,43.22294
6,47.04088,46.86267,19.860973,99.55009,29.633116,43.361202
7,47.036552,46.720654,19.836332,99.50727,29.598015,43.439465
8,47.062466,46.594387,19.81984,99.65265,29.574636,43.50383
9,47.08241,46.40013,19.838373,99.586426,29.546713,43.53564
10,47.188297,46.316994,19.789934,99.580734,29.48642,43.574825
11,47.236874,46.154762,19.80297,99.52447,29.468521,43.534107
12,47.30294,46.044117,19.829113,99.49912,29.396555,43.533897
13,47.351727,45.93453,19.828993,99.55389,29.309095,43.540806
14,47.26745,45.856155,19.852097,99.50684,29.261215,43.52139
15,47.328144,45.793056,19.848072,99.51449,29.21784,43.60239
16,47.246407,45.76811,19.831661,99.46739,29.185019,43.607018
17,47.255604,45.668762,19.844452,99.39764,29.185719,43.647808
18,47.32678,45.61903,19.84754,99.24121,29.251425,43.60423
19,47.34637,45.576935,19.833664,99.30283,29.25578,43.595196
20,47.36069,45.554794,19.822277,99.352905,29.273022,43.668423
21,47.369663,45.556343,19.816526,99.29529,29.248306,43.658108
22,47.240303,45.60419,19.783607,99.33485,29.222933,43.68548
23,47.31278,45.553772,19.777452,99.39803,29.247036,43.7066
24,47.272892,45.565144,19.71958,99.218796,29.308271,43.759457
25,47.301197,45.55089,19.71145,99.236115,29.326433,43.88497
26,47.27445,45.56511,19.669733,99.23776,29.349161,43.960064
27,47.310516,45.53586,19.674967,99.15646,29.403088,44.029015
28,47.38734,45.535442,19.626383,99.07575,29.44796,44.15695
29,47.398766,45.58401,19.572517,99.191315,29.485512,44.164555
30,47.434963,45.58577,19.548588,99.16098,29.541246,44.23231
31,47.42816,45.61171,19.54043,99.1214,29.643278,44.230354
32,47.454357,45.65978,19.490686,99.05662,29.645103,44.27417
33,47.484016,45.640003,19.50682,99.115776,29.66588,44.257935
34,47.51362,45.634083,19.490501,99.067696,29.693996,44.243168
35,47.502415,45.648605,19.465656,99.10012,29.69242,44.247063
36,47.573414,45.6059,19.447836,99.12775,29.68946,44.176037
37,47.559254,45.62494,19.435843,99.0302,29.690868,44.253494
38,47.60663,45.595642,19.44923,99.090485,29.684786,44.275116
39,47.605934,45.594868,19.45846,99.11753,29.680069,44.280426
40,47.64365,45.59336,19.473433,99.06687,29.649412,44.250217
41,47.599922,45.592785,19.46385,98.88881,29.625517,44.331566
42,47.643635,45.574104,19.471628,98.958954,29.62857,44.37872
43,47.6999,45.563316,19.476393,98.97066,29.585491,44.39332
44,47.676506,45.5852,19.459219,99.05811,29.56713,44.484535
45,47.67998,45.58223,19.464567,99.072495,29.566166,44.540493
46,47.646835,45.581802,19.45283,99.08485,29.55115,44.55843
47,47.667194,45.599346,19.443466,99.06247,29.54834,44.601128
48,47.578045,45.621857,19.429293,99.021736,29.52658,44.61413
49,47.554276,45.67413,19.403732,99.16477,29.52177,44.604496
50,47.558094,45.724754,19.380602,99.08526,29.52651,44.65104
51,47.54523,45.720654,19.371668,99.0262,29.574991,44.64404
52,47.574062,45.754463,19.359463,99.047585,29.580414,44.65199
53,47.556816,45.816418,19.340992,98.97,29.594822,44.630833
54,47.50771,45.908016,19.31463,98.99025,29.597475,44.619186
55,47.49316,45.775505,19.31049,99.003395,29.628017,44.61184
56,47.42628,45.87705,19.282543,99.0232,29.671177,44.63079
57,47.42465,45.979996,19.281004,99.05235,29.69273,44.63452
58,47.40827,46.021145,19.259996,98.91927,29.73718,44.608196
59,47.172115,46.260315,19.257885,98.96878,29.769428,44.597298
60,47.241993,46.110886,19.286184,98.96036,29.784777,44.63282
61,47.297703,46.021694,19.313688,98.914536,29.817883,44.6532
62,47.357204,45.960007,19.334154,98.960434,29.816586,44.63575
63,47.333508,45.90368,19.359875,98.89473,29.833677,44.639385
64,47.334908,45.897278,19.369154,98.81748,29.88097,44.618393
65,47.37705,45.85565,19.397245,98.81804,29.876883,44.593536
66,47.35287,45.848213,19.395477,98.94851,29.869614,44.565918
67,47.355606,45.889393,19.406591,98.80573,29.846449,44.588806
68,47.33928,45.925915,19.394592,98.76185,29.85036,44.550606
69,47.349056,45.920483,19.37949,98.69832,29.83433,44.557053
70,47.379597,45.938595,19.379284,98.792656,29.82956,44.576744
71,47.3968,45.924572,19.368908,98.71291,29.833271,44.580395
72,47.445408,45.956913,19.361954,98.699844,29.838192,44.595005
73,47.45616,45.959133,19.368599,98.704895,29.836987,44.618473
74,47.501328,45.97842,19.342817,98.74466,29.813675,44.63791
75,47.46552,45.987328,19.35936,98.775925,29.817114,44.655838
76,47.425575,45.978695,19.352228,98.812485,29.797726,44.67477
77,47.462933,45.97717,19.349539,98.730644,29.8335,44.703392
78,47.44463,45.959053,19.353064,98.6177,29.851473,44.724094
79,47.449284,45.967377,19.367838,98.71296,29.865211,44.750984
80,47.415783,45.998383,19.345415,98.70409,29.87222,44.757526
81,47.418777,46.01704,19.3469,98.681404,29.863249,44.78075
82,47.418144,46.04275,19.345364,98.79462,29.874214,44.75761
83,47.414543,46.045567,19.332413,98.76419,29.888872,44.725666
84,47.39307,46.116108,19.304064,98.69166,29.909014,44.727932
85,47.366512,46.120087,19.276213,98.84319,29.959042,44.68259
86,47.352757,46.152115,19.265535,98.773056,29.971998,44.693542
87,47.379772,46.159084,19.26009,98.797905,29.99556,44.631462
88,47.39435,46.134266,19.250553,98.798805,30.009289,44.621838
89,47.40903,46.136322,19.262999,98.771645,30.040165,44.595974
90,47.418495,46.10042,19.272459,98.78814,30.039734,44.618176
91,47.393578,46.082527,19.272635,98.809586,30.060488,44.589584
92,47.357742,46.085003,19.286028,98.78811,30.065252,44.64595
93,47.38923,46.065212,19.305407,98.75841,30.05883,44.603153
94,47.399147,46.053524,19.322382,98.78726,30.05946,44.609722
95,47.3575,46.05981,19.323175,98.74255,30.066248,44.57365
96,47.362045,46.15253,19.195608,98.68327,30.059418,44.617523
97,47.398605,46.12902,19.201706,98.7446,30.047483,44.633896
98,47.407772,46.140446,19.227669,98.77844,30.031097,44.595303
99,47.43733,46.149895,19.21378,98.79722,30.030954,44.624203
100,47.48705,46.163868,19.210978,98.783615,30.023468,44.638893
101,47.493187,46.180035,19.202381,98.70687,30.027685,44.651463
102,47.529415,46.193153,19.191505,98.68296,30.02941,44.68176
103,47.5431,46.224564,19.18442,98.70929,30.040329,44.64582
104,47.529816,46.243374,19.166754,98.768486,30.057093,44.670475
105,47.552853,46.241024,19.153717,98.78403,30.066895,44.707798
106,47.54061,46.27322,19.153404,98.77132,30.085922,44.6721
107,47.58022,46.25,19.14771,98.70539,30.08913,44.69617
108,47.536102,46.25425,19.1292,98.61133,30.146288,44.700577
109,47.493233,46.2634,19.112768,98.70472,30.115515,44.7198
110,47.49787,46.234646,19.11376,98.68173,30.169773,44.69359
111,47.479523,46.18604,19.241186,98.65569,30.209692,44.674088
112,47.44672,46.193745,19.199753,98.60553,30.24719,44.66386
113,47.41305,46.181015,19.169844,98.60772,30.26851,44.642628
114,47.426563,46.15335,19.164696,98.571396,30.293314,44.66816
115,47.415646,46.10471,19.164883,98.659325,30.300503,44.62757
116,47.438057,46.05925,19.174887,98.6392,30.30477,44.643734
117,47.423286,46.047684,19.164581,98.64167,30.319761,44.593067
118,47.415916,46.032513,19.149647,98.68953,30.30055,44.616295
119,47.418484,46.01613,19.160608,98.70275,30.290255,44.632145
120,47.390392,46.02977,19.154966,98.71467,30.283653,44.62438
121,47.433033,45.992355,19.171465,98.722374,30.278456,44.668083
122,47.46411,45.94394,19.214432,98.70941,30.25863,44.65406
123,47.505516,45.905224,19.220366,98.640305,30.196148,44.663837
124,47.516365,45.878193,19.248262,98.63223,30.182615,44.669025
125,47.53193,45.85305,19.255554,98.664566,30.158497,44.715824
126,47.508327,45.856228,19.247103,98.57785,30.165888,44.686214
127,47.49924,45.85656,19.25807,98.57843,30.15611,44.67616
128,47.505836,45.857838,19.26446,98.6916,30.167103,44.693405
129,47.543602,45.860676,19.262585,98.6609,30.195469,44.66651
130,47.570606,45.833347,19.265503,98.688614,30.227015,44.685307
131,47.60406,45.843086,19.26447,98.72744,30.266554,44.64059
132,47.583725,45.86172,19.228632,98.659805,30.25218,44.658733
133,47.621902,45.868546,19.224081,98.654335,30.26373,44.67156
134,47.60552,45.908504,19.184034,98.57683,30.261175,44.71296
135,47.636574,45.927242,19.16999,98.68139,30.225487,44.69006
136,47.571598,45.909092,19.198746,98.72303,30.209843,44.66061
137,47.58434,45.913204,19.186686,98.676765,30.263668,44.66436
138,47.52154,45.94408,19.159172,98.637505,30.300226,44.67697
139,47.536743,45.918266,19.150625,98.575,30.309963,44.701225
140,47.557636,45.908722,19.160982,98.64293,30.330826,44.677765
141,47.57483,45.876106,19.177643,98.65274,30.307367,44.530968
142,47.619648,45.828274,19.208246,98.679665,30.385506,44.60723
143,47.619446,45.786137,19.229918,98.64179,30.392742,44.593655
144,47.618526,45.75582,19.230158,98.69636,30.403103,44.61306
145,47.608887,45.738995,19.248915,98.72628,30.3579,44.49049
146,47.650017,45.723682,19.266228,98.77696,30.380133,44.558853
147,47.667118,45.699135,19.290703,98.79863,30.345116,44.54016
148,47.6785,45.661606,19.304478,98.79768,30.333025,44.52096
149,47.712135,45.6363,19.339136,98.65389,30.303535,44.514286
150,47.777534,45.62323,19.336073,98.59611,30.28781,44.533787
151,47.803585,45.584545,19.356413,98.61107,30.241755,44.587715
152,47.817238,45.58304,19.367199,98.63882,30.215597,44.63442
153,47.863415,45.56169,19.373138,98.57765,30.194725,44.662495
154,47.857635,45.559895,19.375467,98.5644,30.191347,44.6894
155,47.87739,45.55884,19.354332,98.59789,30.202312,44.6706
156,47.873158,45.534676,19.38159,98.59547,30.227577,44.640125
157,47.873577,45.52926,19.379747,98.59691,30.248486,44.652996
158,47.883972,45.537205,19.392166,98.57461,30.241644,44.628376
159,47.906437,45.533077,19.368773,98.56465,30.248526,44.632534
160,47.899403,45.543476,19.367321,98.53771,30.247444,44.66468
161,47.915504,45.56182,19.354683,98.62023,30.239326,44.638256
162,47.934635,45.588425,19.358215,98.5611,30.238052,44.651367
163,47.942406,45.60643,19.345652,98.62258,30.23546,44.644188
164,47.942726,45.62796,19.34457,98.68639,30.251442,44.621433
165,47.93104,45.652462,19.315712,98.68195,30.274439,44.630756
166,47.91159,45.653378,19.293905,98.70941,30.27169,44.601326
167,47.940323,45.621964,19.293865,98.68422,30.267097,44.515972
168,47.940655,45.616825,19.308031,98.66964,30.319147,44.563435
169,47.975918,45.592045,19.312191,98.60638,30.339544,44.54584
170,48.02237,45.557583,19.328264,98.60194,30.344114,44.47551
171,48.032204,45.560493,19.31562,98.62961,30.365664,44.513058
172,48.043266,45.525406,19.319471,98.624954,30.35482,44.542507
173,48.058495,45.49312,19.343168,98.619896,30.36178,44.516487
174,48.005238,45.524963,19.309486,98.586,30.377462,44.547302
175,48.0134,45.50088,19.338497,98.56616,30.364254,44.520813
176,48.02654,45.503624,19.337444,98.63404,30.354906,44.513935
177,48.047268,45.505127,19.355083,98.60819,30.321407,44.427746
178,48.060932,45.538982,19.351074,98.69766,30.363766,44.45012
179,48.130184,45.53123,19.346416,98.609024,30.365496,44.48902
180,48.107998,45.552425,19.32267,98.56111,30.326817,44.441494
181,48.12222,45.53514,19.309393,98.60124,30.36647,44.493057
182,48.118195,45.51011,19.323908,98.620895,30.357252,44.526817
183,48.124943,45.504276,19.316198,98.627846,30.296375,44.49057
184,48.124645,45.466663,19.336538,98.583435,30.338524,44.579567
185,48.093952,45.457058,19.352558,98.60075,30.294397,44.493782
186,48.076027,45.441166,19.359442,98.65175,30.344439,44.61169
187,48.068745,45.430885,19.355959,98.66751,30.348803,44.625885
188,48.067665,45.420994,19.361008,98.53115,30.427637,44.613827
189,48.06564,45.43097,19.338013,98.60758,30.332579,44.59712
190,48.053776,45.407253,19.35492,98.59358,30.293823,44.521156
191,48.079334,45.38349,19.360523,98.56384,30.345095,44.61633
192,48.074234,45.40052,19.343891,98.69575,30.27377,44.625122
193,48.061974,45.42617,19.338343,98.72102,30.234585,44.661423
194,48.04755,45.432785,19.324518,98.7453,30.238594,44.649662
195,47.996666,45.439545,19.314093,98.72942,30.215584,44.666992
196,47.993587,45.410152,19.304693,98.76686,30.179026,44.678535
197,48.028797,45.39215,19.316446,98.63694,30.195267,44.707096
198,48.07159,45.379314,19.293213,98.650276,30.171936,44.750797
199,48.122574,45.383423,19.292076,98.572876,30.170507,44.7448
200,48.11648,45.40765,19.274817,98.59936,30.150845,44.765408
201,48.158787,45.43882,19.26573,98.53746,30.183722,44.767902
202,48.152977,45.47066,19.25629,98.50919,30.193481,44.750175
203,48.141068,45.531143,19.245134,98.46424,30.194609,44.758038
204,48.144863,45.55378,19.228447,98.53802,30.17204,44.733654
205,48.081203,45.615353,19.186237,98.658745,30.183659,44.688774
206,48.085438,45.627007,19.173618,98.54193,30.222103,44.673443
207,48.071148,45.68909,19.160732,98.50781,30.200264,44.586735
208,48.068558,45.695656,19.142326,98.43722,30.21399,44.609562
209,48.046356,45.76212,19.102283,98.4369,30.226133,44.613266
210,48.03821,45.789402,19.089727,98.34874,30.231016,44.602764
211,48.023552,45.822697,19.05439,98.38601,30.248209,44.54916
212,47.98711,45.90161,19.036367,98.42795,30.27579,44.576305
213,47.93884,45.97424,19.000275,98.50266,30.320486,44.600677
214,47.909637,46.079384,18.963528,98.46753,30.352901,44.597027
215,47.926327,46.208508,18.911976,98.403275,30.37036,44.58232
216,47.804485,46.39014,18.855207,98.273865,30.373398,44.60591
217,47.82714,46.549877,18.826973,98.11276,30.388634,44.63514
218,47.843678,46.649826,18.789103,97.96537,30.415018,44.67908
219,47.894382,46.733402,18.754951,97.84877,30.491407,44.63634
220,47.858948,46.843864,18.689722,97.765594,30.554857,44.64668
221,47.878975,46.95757,18.660307,97.6812,30.627666,44.675167
222,47.82975,47.035454,18.62874,97.53675,30.679064,44.67389
223,47.81361,47.15852,18.604832,97.32187,30.704441,44.73202
224,47.78804,47.31953,18.557201,97.16485,30.743284,44.793602
225,47.840336,47.4687,18.507648,97.14981,30.78923,44.873863
226,47.902515,47.61699,18.437761,96.9042,30.84296,44.94609
227,47.827694,47.75076,18.40163,96.48407,30.942978,45.07175
228,47.908524,47.79418,18.35332,95.95619,31.133831,45.30743
229,47.91822,47.819244,18.324448,95.69442,31.192064,45.47358
230,47.980232,47.805885,18.315788,95.49219,31.267122,45.59591
231,48.117058,47.755505,18.322525,95.240265,31.398397,45.74174
232,48.146336,47.78862,18.303297,94.78149,31.56802,45.87292
233,48.162045,47.710995,18.32751,94.44741,31.66018,45.976562
234,48.3419,47.68867,18.291332,94.16351,31.922588,46.14579
235,48.37896,47.647293,18.258562,93.774956,32.110966,46.27155
236,48.55498,47.614605,18.26373,93.525444,32.32212,46.44647
237,48.55971,47.635624,18.187654,93.16989,32.516922,46.755604
238,48.677814,47.56724,18.201086,92.686775,32.84457,46.9878
239,48.807503,47.567997,18.115982,92.27741,33.171963,47.15184
240,48.925438,47.525497,18.046186,91.88329,33.512966,47.326042
241,49.195396,47.353317,18.066835,91.83749,33.762115,47.40448
242,49.4192,47.263725,18.009563,91.50073,33.961967,47.596256
243,49.63262,47.115963,17.985699,91.16401,34.093517,47.700268
244,49.827164,46.99915,17.924181,91.16496,34.191895,47.929184
245,50.079468,46.95123,17.87399,91.07955,34.29585,47.960827
246,50.437866,46.87262,17.87576,90.964226,34.46727,48.055336
247,49.642193,47.490517,17.67531,91.01657,34.71114,47.95304
248,49.76699,47.45586,17.639809,90.90197,34.9686,47.85886
249,49.883217,47.21803,17.649612,90.76611,35.236294,47.80584
250,50.05534,47.087124,17.62812,90.736115,35.56678,47.666397
251,50.05835,46.865097,17.66336,90.62563,35.991497,47.53372
252,50.561996,46.403137,17.601768,90.6406,36.5254,47.70298
253,50.61667,46.19404,17.285421,90.64973,36.903122,47.448715
254,50.740833,45.96881,17.197475,90.52437,37.2334,47.333885
255,50.920555,45.75052,17.167152,90.85025,37.56578,47.105644
256,50.949,45.482502,17.119406,90.71082,38.01119,46.836273
257,50.926773,45.28011,17.028248,90.86637,38.3994,46.556095
258,51.052956,45.024227,17.011423,91.07442,38.720055,46.390484
259,51.192738,44.2203,17.296417,91.10188,39.1388,46.10923
260,51.284664,44.104053,17.000122,91.381454,39.526974,45.90238
261,51.172787,43.99039,16.932606,91.702286,39.872643,45.64101
262,51.04243,43.9405,16.926401,91.95593,40.35429,45.301804
263,51.040623,43.69605,16.875126,92.32532,40.83651,45.16086
264,51.10651,43.460957,16.861519,92.78688,41.452763,44.75765
265,51.06935,43.286587,16.822895,93.22461,42.082413,44.289368
266,50.993645,43.179646,16.793558,93.79527,42.728794,43.620907
267,50.85151,43.150337,16.76241,94.00582,43.468792,43.305332
268,50.682743,43.19357,16.721472,94.367676,44.157837,43.26226
269,50.828243,43.019997,16.759151,94.48147,44.88023,42.85917
270,50.814186,42.953743,16.523512,94.59631,45.55483,42.40409
271,50.856415,42.730503,16.483372,94.66836,46.183437,41.993584
272,50.952667,42.592796,16.52889,94.72923,46.340473,41.62189
273,51.01973,42.350685,16.61792,94.62137,46.156532,41.41407
274,50.921894,42.627747,16.578884,95.05565,45.38341,41.12062
275,50.884106,42.503624,16.509459,95.0216,44.48273,41.578568
276,50.807495,42.43396,16.476643,94.63409,43.374104,42.19642
277,50.871445,42.46964,16.37334,94.273476,42.322662,42.711876
278,50.724606,42.604637,16.33596,94.21582,40.98415,42.82
279,50.614246,42.745243,16.310894,94.100464,39.638905,43.371487
280,50.63729,42.765915,16.222979,94.00253,38.465748,43.328373
281,50.671677,42.745464,15.744405,94.340416,37.268326,43.687023
282,50.54564,42.588093,15.546514,94.24904,36.422844,43.75612
283,50.326546,42.086308,15.508294,94.28822,35.966763,43.24508
284,50.25494,42.142418,15.387891,94.39022,35.592327,42.856777
285,50.157562,42.024525,15.330579,94.38579,35.42502,42.58047
286,49.80699,42.23236,15.182654,94.35439,35.51125,42.545856
287,49.977657,42.01283,15.115473,94.37272,35.56074,42.655064
288,49.925232,42.0014,15.04422,94.32193,35.498394,42.85541
289,49.811035,41.931915,15.024182,94.32645,35.460552,42.95858
290,49.80637,41.89182,14.985745,94.15921,35.449627,43.028652
291,49.78051,41.89352,14.873296,93.88842,35.463585,43.180737
292,49.71523,41.732597,14.879495,93.72937,35.472,43.2241
293,49.600548,41.65906,14.823282,93.427055,35.508747,43.247704
294,49.498055,41.629272,14.770651,93.2085,35.479744,43.484028
295,50.108418,42.568836,14.747848,92.65273,35.54108,43.68011
296,50.016945,42.6349,14.698061,92.78734,35.3719,43.871212
297,50.016815,42.612377,14.628313,92.70673,35.41064,43.96878
298,50.085556,42.541588,14.583526,92.5818,35.38105,44.065006
299,49.01817,41.602066,14.549539,93.20621,35.160297,44.14571
300,49.94885,42.45358,14.557121,92.38079,35.38717,44.146587
301,49.135136,41.29198,14.415645,93.03982,35.21514,44.084316
302,48.84833,41.49912,14.322343,93.05694,35.190445,44.02654
303,48.76802,41.468426,14.396839,92.99429,35.171803,44.09053
304,48.677227,41.46121,14.426957,92.96428,35.17909,44.08687
305,48.660927,41.459373,14.418868,92.981476,35.12441,44.10101
306,48.623486,41.50147,14.410238,93.166916,35.068237,44.14451
307,48.614353,41.51986,14.368214,93.28442,34.999825,44.141815
308,48.605213,41.57681,14.278473,93.32019,34.982105,44.174923
309,48.577866,41.614773,14.138754,93.4021,34.95593,44.11746
310,48.52641,41.65129,14.141355,93.46341,34.913116,44.14445
311,48.529602,41.705887,14.082217,93.577736,34.844547,44.128895
312,48.387527,41.832153,14.000267,93.59477,34.847103,44.041393
313,49.175724,42.40684,13.941621,93.0113,35.03034,43.971138
314,49.214024,42.460052,13.91144,93.098885,34.987038,43.96577
315,49.205936,42.493813,13.901763,93.148315,34.93718,43.976852
316,49.176968,42.54481,13.887442,93.15445,34.95118,43.934544
317,49.182907,42.54236,13.89956,93.20291,34.928017,43.94938
318,49.180973,42.54473,13.796442,93.244545,34.94803,43.93217
319,49.192513,42.56338,13.872509,93.24482,34.956345,43.885757
320,49.21921,42.57137,13.753774,93.25283,34.989685,43.849945
321,49.225094,42.551586,13.765878,93.38302,34.987186,43.773285
322,49.21266,42.55572,13.755584,93.284256,34.977734,43.7843
323,49.235863,42.570255,13.749967,93.23268,34.976784,43.788136
324,49.261517,42.587917,13.762489,93.20105,34.94206,43.840744
325,49.305164,42.612938,13.754218,93.2251,34.87838,43.954094
326,49.288395,42.61942,13.744031,93.23375,34.814114,44.031193
327,49.360542,42.633286,13.817921,93.28072,34.78203,44.060722
328,49.31626,42.654846,13.899176,93.279236,34.80227,44.14053
329,49.394764,42.649,13.854636,93.328964,34.782375,44.085052
330,49.40881,42.632664,13.835412,93.382675,34.78956,44.06527
331,49.45393,42.614216,13.825197,93.38043,34.80286,44.031536
332,49.48962,42.63294,13.764514,93.4067,34.792774,43.970345
333,49.48847,42.609047,13.775332,93.38524,34.78963,43.947784
334,49.462254,42.607014,13.75159,93.42361,34.772278,43.946396
335,49.488922,42.586758,13.755397,93.558304,34.749626,43.913227
336,49.465202,42.543884,13.7914,93.548584,34.708984,43.887596
337,49.452797,42.51066,13.787045,93.604744,34.724888,43.877934
338,49.44557,42.495255,13.800294,93.63783,34.72205,43.825592
339,49.51454,42.46312,13.803214,93.783676,34.729088,43.790035
340,49.43811,42.51554,13.789538,93.87776,34.700516,43.769634
341,49.427666,42.532974,13.801883,93.96675,34.71348,43.705826
342,49.4806,42.515038,13.800566,93.92213,34.728226,43.714565
343,49.52748,42.570232,13.77962,93.790596,34.716038,43.6694
344,49.595547,42.602863,13.757766,93.85031,34.69418,43.655
345,49.664997,42.66886,13.734037,93.81452,34.69651,43.692646
346,49.728302,42.78438,13.706075,93.8043,34.66235,43.69057
347,49.713463,42.856552,13.661293,93.804054,34.613857,43.73621
348,49.744152,42.94458,13.659399,93.79707,34.5897,43.79115
349,49.705692,43.03475,13.598513,93.86402,34.568764,43.829582
350,49.703915,43.08347,13.578177,93.76761,34.617283,43.826584
351,49.714413,43.08918,13.524805,93.88835,34.593445,43.89051
352,49.746136,43.0954,13.507855,93.91566,34.60452,43.867817
353,49.772987,43.07158,13.51718,93.934715,34.62389,43.787067
354,49.815857,43.025986,13.543033,93.92974,34.624985,43.78437
355,49.799797,43.037064,13.5471735,93.91282,34.652298,43.721333
356,49.819447,43.016556,13.54064,94.05863,34.570095,43.709538
357,49.79609,43.00279,13.543091,94.00307,34.569473,43.686825
358,49.822403,43.007835,13.547334,94.06671,34.55583,43.64825
359,49.81163,43.030888,13.533885,94.02599,34.557846,43.714962
360,49.7747,43.043686,13.5252285,93.8961,34.632553,43.700146
361,49.836678,43.010857,13.527083,94.016235,34.59891,43.695885
362,49.8476,42.994553,13.523695,93.99099,34.61638,43.753254
363,49.852745,42.970467,13.511291,94.040085,34.659504,43.772438
364,49.90489,42.941734,13.4948225,94.10851,34.682537,43.820118
365,49.9269,42.93998,13.458407,94.08093,34.730103,43.842148
366,49.973446,42.955887,13.393588,94.06362,34.780136,43.782875
367,50.00497,42.956085,13.404022,94.058685,34.83537,43.80776
368,50.020805,43.01021,13.355882,94.02349,34.861046,43.870277
369,50.10115,43.066505,13.362828,94.12012,34.87234,43.887604
370,50.12057,43.11658,13.339047,94.12046,34.884434,43.922115
371,50.125744,43.18981,13.32357,94.08787,34.884186,43.92395
372,50.14776,43.20108,13.28812,94.02886,34.873966,43.97402
373,50.124992,43.222874,13.267928,93.95616,34.87648,44.015907
374,50.13341,43.258904,13.25231,94.00571,34.89202,44.048462
375,50.122265,43.26458,13.2265415,93.976204,34.878475,44.025475
376,50.134968,43.263817,13.213297,93.97164,34.91135,43.99539
377,50.112858,43.299404,13.199858,94.006966,34.916016,43.9906
378,50.105446,43.332306,13.210816,94.00516,34.894047,43.98774
379,50.065346,43.347645,13.213297,93.93283,34.905113,43.938324
380,50.019863,43.39505,13.190059,93.88346,34.911877,43.928852
381,49.991905,43.405807,13.194637,93.86034,34.909172,43.956535
382,49.94075,43.400482,13.182558,93.780106,34.877655,43.956715
383,49.908024,43.389534,13.182753,93.76985,34.878014,43.99284
384,49.96961,43.39208,13.253382,93.72935,34.90993,43.994205
385,49.939426,43.432613,13.169449,93.7001,34.915627,44.08549
386,49.939342,43.41316,13.259235,93.56711,34.924267,44.154922
387,49.93823,43.412373,13.243443,93.496864,35.010685,44.172688
388,49.93753,43.395008,13.246513,93.51482,35.01236,44.296364
389,49.976646,43.407593,13.208903,93.51892,35.07499,44.32215
390,49.98193,43.435123,13.181255,93.50418,35.165897,44.264694
391,50.015476,43.49193,13.150263,93.33246,35.294743,44.280125
392,50.0431,43.53919,13.112533,93.20655,35.32087,44.280838
393,50.127422,43.568264,13.139856,93.14603,35.361507,44.359035
394,49.983337,43.69594,13.080505,93.12134,35.365208,44.38277
395,50.022423,43.7833,12.973938,92.999855,35.44735,44.315414
396,50.04087,43.878986,13.015688,92.93497,35.50673,44.361023
397,50.05985,43.950344,12.97371,92.891685,35.57676,44.305126
398,50.036827,43.974606,12.960317,92.83115,35.623295,44.264877
399,49.965595,44.053867,12.898808,92.92888,35.711636,44.221447
400,49.92171,44.08316,12.974941,92.85719,35.791294,44.18631
401,49.94611,44.123993,12.940522,92.72404,35.947994,44.15303
402,49.94519,44.12088,12.905721,92.57268,36.063877,44.081375
403,49.91303,44.144726,12.93233,92.25525,36.214912,43.98346
404,49.977562,44.14908,12.937059,92.24491,36.24925,43.92716
405,50.057568,44.161434,12.93799,92.212555,36.30129,43.903698
406,50.069485,44.220455,12.9105215,92.24839,36.438908,43.748573
407,50.001297,44.293713,12.883561,92.09373,36.57883,43.67448
408,49.97457,44.34266,12.811006,91.86439,36.69233,43.621918
409,49.85632,44.387127,12.679567,91.82174,36.780308,43.680134
410,49.783215,44.4439,12.680065,91.76465,36.897087,43.952316
411,49.81741,44.4535,12.779873,91.74815,37.013546,43.96146
412,49.774857,44.50666,12.734683,91.94131,37.085335,43.957516
413,49.749363,44.528004,12.707356,91.698296,37.22974,43.976776
414,50.100414,44.247177,12.754142,91.47778,37.342957,43.99311
415,50.145466,44.27554,12.672269,91.291275,37.547688,43.973133
416,50.185043,44.322598,12.631761,91.41523,37.646935,43.788322
417,49.811085,44.409634,12.60387,91.27087,37.967907,43.208282
418,50.135082,44.153023,12.51821,91.38721,38.243614,43.496586
419,50.107155,44.168957,12.675724,91.38147,38.452957,43.28063
420,50.069824,44.190742,12.606938,91.29042,38.739666,42.983902
421,50.123974,44.170856,12.613679,91.06226,38.931446,42.82708
422,50.105278,44.2399,12.5936775,91.249855,39.081078,42.700012
423,50.078854,44.225548,12.569942,91.24522,39.28152,42.513577
424,49.953434,44.26267,12.549196,91.253006,39.532658,42.266495
425,50.136368,44.204266,12.525645,91.30524,39.694077,42.184334
426,50.16888,44.16443,12.585468,91.168846,39.868156,42.00662
427,50.09676,44.21702,12.545314,91.01316,40.033215,41.890762
428,50.171097,44.218494,12.487623,90.88448,40.16427,41.842075
429,50.15702,44.2006,12.445303,91.01532,40.326775,41.726307
430,50.008156,44.23345,12.415874,90.933525,40.542503,41.584255
431,50.000694,44.22367,12.418716,90.885376,40.627964,41.526295
432,50.046078,44.19326,12.411378,90.67463,40.783554,41.424675
433,49.993797,44.247242,12.374492,90.60855,40.780743,41.463326
434,49.98312,44.25784,12.381264,90.70948,40.87721,41.351982
435,49.949196,44.31647,12.374588,90.73932,40.977867,41.306335
436,50.01763,44.270336,12.384512,90.72168,41.120884,41.230213
437,49.960842,44.345108,12.319632,90.47062,41.337975,41.013397
438,49.913902,44.41202,12.254125,90.44355,41.442566,41.0046
439,49.989002,44.471165,12.179501,90.54936,41.58845,40.980507
440,49.971836,44.49855,12.112922,90.442215,41.86132,40.811302
441,50.06012,44.546074,12.0350275,90.3504,42.077435,40.535442
442,50.0511,44.63442,11.952249,90.42169,42.29186,40.471684
443,50.0949,44.66866,11.8867855,90.393105,42.533752,40.168175
444,50.209606,44.696545,11.795199,90.42901,42.81568,40.02244
445,50.186665,44.7266,11.674688,90.22552,43.17483,39.670746
446,50.242466,44.759304,11.638973,90.08855,43.541996,39.26505
447,50.257137,44.79654,11.552767,89.87887,43.951157,38.89146
448,50.34604,44.779606,11.5863285,89.95894,44.277172,38.677208
449,50.517,44.78999,11.558137,89.815544,44.57934,38.428135
450,50.61602,44.837807,11.427667,89.66366,44.96403,38.108833
451,50.705433,44.866825,11.298012,89.43194,45.375652,37.707466
452,50.774307,44.94533,11.169516,89.58753,45.74191,37.49343
453,50.997883,44.91678,11.127053,89.446655,46.05531,37.202362
454,51.13685,44.98215,11.054211,89.23204,46.509045,36.649075
455,51.217564,44.994267,10.999074,89.17565,46.824013,36.22952
456,51.35258,45.020447,10.977627,89.26143,47.060833,36.06951
457,51.45391,45.08527,10.729668,89.13517,47.581757,35.75275
458,51.53128,45.21781,10.620303,89.128815,47.915287,35.445553
459,51.740124,45.269897,10.55581,89.08561,48.350677,35.0985
460,51.849277,45.3482,10.433809,89.064415,48.72664,34.82037
461,51.72985,45.7068,10.397218,88.92449,49.18746,34.166084
462,51.856438,45.769203,10.2344675,88.9641,49.626408,33.789463
463,52.026833,45.77295,10.093931,89.05357,50.180916,33.440697
464,52.209892,45.77822,9.751469,89.23488,50.681644,33.08969
465,52.363106,45.80786,9.563469,89.2508,51.252598,32.788704
466,52.450764,45.856167,9.570826,89.17446,51.982178,32.40233
467,52.528423,45.94798,9.429796,89.14377,52.692272,31.917496
468,52.685585,45.974716,9.289925,89.125145,53.429268,31.540695
469,52.75546,46.09302,9.081101,89.115204,54.144093,31.16762
470,52.958023,46.117695,8.775926,89.04425,54.94893,30.796915
471,53.092487,46.07529,8.569649,89.04825,55.72811,30.413795
472,53.255222,46.11849,8.249502,88.94181,56.46412,29.999016
473,53.65538,45.850773,7.885954,88.998215,57.188698,29.385534
474,53.769596,45.871094,7.6617284,89.12719,57.88076,29.021517
475,53.861088,45.925865,7.084462,89.26721,58.480103,28.715132
476,53.959503,46.07146,6.596328,89.288284,59.25061,28.414593
477,53.973137,46.18651,6.60334,89.542946,59.82365,28.197964
478,53.886143,46.391365,6.065207,89.62641,60.616066,27.895727
479,53.96515,46.436035,5.89089,89.5244,61.414894,27.693556
480,53.843723,46.53206,5.734324,89.53359,62.181526,27.529112
481,53.78147,46.391838,4.7966495,89.56544,62.90632,27.264492
482,53.71589,45.8638,4.9891195,89.39046,63.743473,26.972881
483,53.469814,45.01448,5.4289217,89.297905,64.54435,26.77456
484,53.13738,43.704464,6.3971205,89.225746,65.42503,26.54522
485,52.60415,41.90864,7.8074574,89.12285,66.18128,26.42787
486,52.02278,39.79812,9.476041,89.049706,66.92698,26.268915
487,51.28665,37.668888,11.751313,89.08468,67.887276,26.118544
488,50.229794,35.803856,13.733808,88.92248,68.82968,25.926329
489,49.003407,34.289444,16.022312,88.98432,69.546425,25.867918
490,47.76596,33.21639,17.842607,89.18119,70.32444,25.754063
491,46.303844,32.834015,19.656538,89.45728,70.930244,25.646008
492,45.039597,32.546745,21.34067,89.40039,71.87409,25.512104
493,44.428318,32.498318,23.890894,89.49839,72.6128,25.168747
494,44.607124,32.866608,25.36612,89.611916,73.279686,25.146004
495,44.54319,33.39468,26.58711,89.74363,74.058014,25.205685
496,44.61828,34.276875,27.207489,89.86383,74.34201,25.401115
497,44.721092,34.904625,28.047365,89.57463,75.102234,25.248825
498,45.0713,36.169727,28.362883,89.657616,75.59691,25.148092
499,44.485596,37.60398,29.306051,89.16256,76.15224,25.17704
500,44.838455,39.141365,28.673443,89.16287,76.6672,25.613567
501,45.44128,41.00153,29.010899,89.884865,76.95172,26.01858
502,45.73226,43.29633,28.552212,90.0549,77.28438,25.245302
503,46.13285,45.38506,28.26299,90.387344,77.49387,25.230652
504,46.813316,48.01235,27.715364,90.53204,77.89422,25.193958
505,47.16737,50.57364,27.052923,90.65868,78.25482,25.255949
506,47.10704,53.38526,26.251179,90.62289,78.623566,25.245365
507,47.181885,55.954277,25.501936,90.93219,78.82654,25.328953
508,47.01011,58.72832,24.81451,91.26219,79.21618,25.523384
509,46.6672,61.44099,23.368296,91.25317,79.56233,25.490026
510,46.406033,64.05057,22.805807,91.230995,79.802956,25.515276
511,46.08389,66.65633,22.346243,91.23901,80.331345,25.435839
512,45.853394,69.33291,21.330984,91.37557,80.63,25.406578
513,45.450287,71.89806,20.363092,91.33056,80.41884,25.361048
514,45.10625,74.109886,19.425852,91.36708,80.70425,25.384893
515,44.862183,76.14611,18.47971,91.62766,80.85648,25.379604
516,44.755886,78.06114,17.356585,91.87687,80.60241,25.401411
517,44.648075,78.99308,16.474113,92.03188,80.72437,25.37844
518,44.51389,79.682076,15.750255,95.82738,77.64957,25.291471
519,44.475285,80.38654,15.039969,96.182045,77.69291,25.28227
520,44.433483,80.82537,14.400162,96.44721,77.77573,25.25975
521,44.396896,81.617805,13.596508,93.220184,80.48742,25.239607
522,44.388893,81.98127,13.222825,93.27749,80.57623,25.226559
523,44.485764,82.19448,13.045542,92.61761,81.40006,25.185564
524,44.488083,82.324066,12.87918,92.59299,81.5663,25.129354
525,44.53307,82.23193,13.113391,92.80501,81.5238,25.0977
526,44.591557,81.662796,13.534265,92.70037,81.61064,25.045418
527,44.614323,81.19237,13.942782,92.82043,81.69402,25.034904
528,44.656345,80.65107,14.042412,92.96137,81.76504,25.011929
529,44.49798,79.94253,14.047113,93.199066,81.80531,24.998346
530,44.500538,79.52898,14.061345,93.47302,81.78626,24.991598
531,44.46178,79.02258,14.085094,93.61754,81.88986,24.976704
532,44.533318,78.839615,14.136126,93.66138,82.03259,24.915506
533,44.49262,78.64001,14.190724,93.60338,82.16264,24.886047
534,44.479046,78.33328,14.240122,93.6044,82.29498,24.86995
535,44.53222,78.083565,14.274221,93.50066,82.41963,24.86955
536,44.645775,77.52222,14.351235,93.59259,82.52139,24.831568
537,44.753124,77.137184,14.455112,93.59084,82.602325,24.794077
538,44.792244,76.565155,14.550708,93.62262,82.66847,24.768469
539,44.857994,76.02001,14.66552,93.77994,82.65577,24.700333
540,44.884026,75.49934,14.77377,93.764824,82.76261,24.669333
541,44.94238,74.980804,14.880905,93.88866,82.79673,24.64886
542,45.04961,74.3475,15.033205,94.09003,82.82709,24.592497
543,45.17372,73.758385,15.153757,94.20966,82.80293,24.575256
544,45.269993,73.15896,15.316584,94.21491,82.868164,24.479475
545,45.31296,72.515335,15.445276,94.34326,82.948845,24.433817
546,45.39429,71.98294,15.613803,94.18989,83.129684,24.350435
547,45.372818,71.53067,15.764403,94.16827,83.232635,24.289062
548,45.48449,71.025,15.942137,94.1692,83.3132,24.217274
549,45.407944,70.492966,16.056168,94.0544,83.43729,24.093334
550,45.539898,70.0116,16.223541,94.163155,83.653534,23.975937
551,45.499123,69.52248,16.318844,94.27651,83.64543,23.91751
552,45.524124,69.05312,16.401266,94.43888,83.65209,23.828375
553,45.595337,68.62038,16.515188,94.4345,83.92571,23.701494
554,45.71299,68.1695,16.60693,94.604866,84.00465,23.646849
555,45.691242,67.86885,16.717566,94.56174,84.10499,23.502268
556,45.727955,67.563705,16.776693,94.63189,84.192764,23.412237
557,45.815548,67.23686,16.87056,94.67385,84.28518,23.301426
558,45.680225,67.031456,16.944212,94.584435,84.43505,23.201986
559,45.712475,66.76958,17.023561,94.50365,84.74524,23.042421
560,45.819305,66.39345,17.133171,94.51299,84.82,22.99317
561,45.83159,66.08226,17.234789,94.40739,85.12223,22.825174
562,45.93053,65.729546,17.323286,94.52141,85.209015,22.745733
563,46.01132,65.356575,17.445383,94.35969,85.58057,22.61872
564,46.143272,64.93181,17.529722,94.48916,85.45773,22.531137
565,46.16919,64.6343,17.612406,94.57395,85.87186,22.421906
566,46.222324,64.30877,17.723274,94.734764,85.73429,22.303782
567,46.205105,63.99788,17.846542,94.87657,85.826965,22.227945
568,46.147488,63.798916,17.970486,94.87948,85.64934,22.087742
569,46.224148,63.473034,18.106611,95.11593,85.7348,22.007881
570,46.217674,63.015293,18.265394,95.23454,85.58788,21.909338
571,46.311325,62.598476,18.385862,95.50338,85.22921,21.813625
572,46.304043,62.07773,18.518972,95.46572,85.177246,21.707312
573,46.394505,61.523273,18.673239,95.82598,84.961334,21.556355
574,46.40782,60.896706,18.829723,96.13038,84.71784,21.443241
575,46.436283,60.4155,19.016151,96.471245,84.641235,21.301172
576,46.48475,59.84311,19.184284,96.557816,84.291466,21.088963
577,46.615772,59.34357,19.382545,96.77292,84.31002,20.950356
578,46.56245,58.877075,19.50673,96.85725,84.1481,20.721933
579,46.691063,58.395832,19.783749,97.09949,83.96932,20.580305
580,46.7059,57.825764,19.95923,97.080986,84.02086,20.352325
581,46.75795,57.371265,20.117285,96.918,84.09328,20.106339
582,46.777424,56.903423,20.280787,96.86777,83.909996,19.927582
583,46.844574,56.347176,20.420147,96.859566,83.79996,19.684721
584,46.925537,55.657,20.643265,96.79887,83.851265,19.526937
585,46.990837,55.12157,20.81226,96.80254,83.86426,19.2376
586,47.08668,54.537727,20.987793,97.36048,84.08597,18.95574
587,47.010296,54.10192,21.101137,97.55046,83.74207,18.652706
588,47.160976,53.5854,21.260817,97.736916,83.49901,18.42816
589,47.236973,53.05335,21.410952,97.69533,83.503944,18.116896
590,47.306755,52.522087,21.539925,97.85709,83.493065,17.795155
591,47.315582,52.05576,21.684597,98.10836,83.19913,17.519276
592,47.373684,51.553917,21.79955,98.13256,83.09217,17.223503
593,47.308468,51.15588,21.856276,98.12324,83.08515,16.859295
594,47.381428,50.685825,21.996014,98.3541,82.71005,16.533823
595,47.412548,50.183506,22.12727,98.38993,82.48219,16.208426
596,47.409515,49.695873,22.229551,98.30801,82.43258,15.904793
597,47.32964,49.199963,22.37556,98.406166,82.33404,15.701455
598,47.335003,48.636555,22.485283,98.12241,82.701904,15.553062
599,47.450867,48.098278,22.579044,97.892815,83.16409,15.557189
600,47.627666,47.523895,22.672565,97.7351,83.96718,15.701366
601,47.62287,47.047752,22.797226,97.45066,84.93065,16.109472
602,47.63427,46.625885,22.93603,97.19421,86.00617,16.72553
603,47.587074,46.29007,22.95208,96.93449,87.11957,17.625187
604,47.57848,45.85536,22.97951,96.52116,88.27267,18.739918
605,47.554485,45.3675,23.060926,96.17101,88.89029,20.047394
606,47.573658,44.855484,23.160637,95.73985,89.50342,21.564589
607,47.40824,44.41339,23.235897,95.54531,89.40671,23.173458
608,47.477184,43.895958,23.132723,95.396355,88.838554,24.938429
609,47.5176,43.319016,23.7236,95.035416,87.91343,26.090803
610,47.45467,42.78204,23.811583,94.6915,86.72379,26.734005
611,47.45641,42.23543,24.020473,94.44128,85.02439,26.813864
612,47.535843,41.65078,24.236525,94.03875,83.56429,26.81993
613,47.32943,41.291416,24.230425,93.673775,81.86416,26.69365
614,47.308678,40.859917,24.380362,92.975235,80.364334,26.648266
615,47.39326,40.365574,24.505522,92.40145,78.522545,26.371286
616,47.51675,39.80141,24.650621,92.0286,76.14261,26.241848
617,47.27946,39.575523,24.715874,91.5807,73.47039,26.372032
618,47.13483,39.43736,24.701641,91.26209,70.598526,26.73827
619,47.023376,39.167698,24.805597,90.923256,67.29394,27.301104
620,47.069275,38.536247,24.431084,90.59255,63.94394,27.899742
621,47.10368,38.262173,24.368065,90.524315,60.50906,28.973598
622,46.87997,38.173203,24.275368,90.366806,57.14552,30.305466
623,46.609863,38.193657,24.243277,90.394,53.98826,31.568333
624,46.515144,38.06816,24.234827,90.35099,51.00909,33.053673
625,46.291225,38.079082,24.153847,90.58305,48.181118,34.73662
626,46.315506,37.72088,24.51851,91.42358,45.47062,36.25906
627,46.1874,37.598408,24.369265,91.8764,43.174923,37.433216
628,46.24249,37.57573,24.121017,92.015526,41.107967,38.177185
629,46.296944,37.861347,24.00724,91.67696,39.453568,39.000355
630,46.32404,37.84816,23.848984,92.08547,38.103096,39.642773
631,46.31789,37.869534,23.801962,92.09845,37.18612,40.070152
632,46.293144,37.86508,23.660666,92.14053,36.43051,40.200943
633,46.25522,37.862648,23.550161,92.01724,35.950054,39.90479
634,46.49059,37.818333,23.451166,92.01098,35.65805,39.542156
635,46.514557,37.884262,23.295235,91.68165,35.658344,39.209415
636,46.680534,38.00806,23.150318,91.51656,35.77325,39.01634
637,47.042294,37.743267,23.077408,91.08109,36.013733,39.119286
638,47.031883,37.86507,23.068434,91.17388,36.34144,39.20854
639,47.092876,38.027008,22.943468,91.06829,36.62693,39.27748
640,47.236835,38.086246,22.739292,91.09573,36.706726,39.32206
641,47.1597,38.36005,22.487024,90.75157,36.997375,39.406452
642,47.028584,38.59755,22.216433,90.21794,37.252132,39.614685
643,47.04733,38.740997,22.052322,90.04455,37.381214,39.801956
644,47.32339,38.677776,21.84298,89.605194,37.542553,39.99858
645,47.19865,38.90654,21.621334,89.54159,37.72958,40.168728
646,47.132854,39.10066,21.44791,89.28099,37.78509,40.43288
647,47.291977,39.30139,21.198381,89.23792,37.98614,40.666405
648,47.301952,39.49835,20.971949,88.6606,38.098736,40.95647
649,47.291405,39.729866,20.742338,88.68586,38.41026,41.079872
650,47.421104,39.883865,20.574797,88.854095,38.577324,41.214443
651,47.33616,40.250954,20.339025,88.88336,38.87041,41.302185
652,47.265667,40.621605,20.106936,88.85291,39.163246,41.374554
653,47.279568,40.88733,19.880135,88.622375,39.512962,41.38543
654,47.306213,41.05073,19.73502,88.64579,39.67735,41.611076
655,47.29982,41.290752,19.522657,88.35182,40.130062,41.611393
656,47.295197,41.44295,19.27431,88.57527,40.293926,41.813763
657,47.319115,41.642113,19.24099,88.46207,40.67615,41.85519
658,47.33332,41.736397,19.14566,90.34445,41.04788,42.11091
659,47.416786,41.7532,19.329224,90.24158,41.40457,42.189026
660,47.44186,41.865265,19.33436,90.28731,41.719273,42.23859
661,47.50527,41.781292,19.45643,90.47934,42.028347,42.31585
662,47.562424,41.825912,19.382793,90.551674,42.385284,42.249805
663,47.52556,41.96355,19.317902,90.58613,42.852543,42.124542
664,47.616722,42.08594,18.956758,90.42372,43.2496,42.002296
665,47.69208,42.27542,18.8184,90.52112,43.72071,41.730103
666,47.732304,42.455574,18.023144,90.21369,44.119495,41.423023
667,47.811546,42.603207,17.919086,90.45324,44.35678,41.422024
668,47.91048,42.58226,18.13154,90.520256,44.634235,41.211647
669,47.870514,42.683163,16.673702,88.936554,44.591362,41.082405
670,47.81908,42.765907,16.464813,88.85575,45.010212,40.65736
671,47.74517,42.924484,16.07961,88.62592,45.53841,40.06637
672,47.72919,43.020782,15.918533,88.57906,45.884148,39.73227
673,47.40728,43.540318,15.710148,88.499664,46.223022,38.882828
674,47.56397,43.555347,15.717637,88.49454,46.511883,38.48559
675,47.558064,43.72294,15.517219,88.56216,46.718567,38.173237
676,47.543457,43.825565,15.366525,88.73544,46.95685,37.900448
677,47.594734,43.976933,15.304711,88.32737,47.368336,37.44136
678,47.606625,44.184002,15.25273,87.57162,47.767166,36.968643
679,47.677177,44.3081,15.11927,87.38698,48.140766,36.587124
680,47.7281,44.41328,15.014549,87.5249,48.304794,36.299698
681,47.81964,44.51639,14.797858,87.44162,48.64604,35.84123
682,47.856716,44.643024,14.781898,87.39021,49.077065,35.387638
683,47.896038,44.784378,14.714137,87.2284,49.462643,34.950867
684,47.931747,44.89072,14.697308,87.15799,49.817932,34.50388
685,47.925903,45.17153,14.532224,87.066986,50.232502,34.101955
686,47.95248,45.48731,14.364058,86.7062,50.75967,33.450996
687,47.959335,45.80442,14.154767,87.13289,50.886456,33.385006
688,48.03114,46.12177,14.024427,86.85764,51.271862,32.816135
689,48.11512,46.328144,13.934999,87.11369,51.43927,32.636673
690,48.161964,46.62909,13.836698,87.29524,51.734447,32.172832
691,48.26945,46.95735,13.689995,87.24401,52.132973,31.76729
692,48.313744,47.313538,13.468587,87.17902,52.71714,31.056465
693,48.37758,47.586815,13.249196,87.25582,53.302498,30.364773
694,48.409893,47.779682,13.190822,87.31644,53.872154,29.859232
695,48.442863,48.035748,12.807171,87.3667,54.51346,29.252459
696,48.334316,48.22906,12.70745,87.21668,55.213554,28.651457
697,48.37981,48.558136,12.337386,87.14461,55.82616,28.156963
698,48.34075,48.76818,12.149047,87.39014,56.25004,27.768475
699,48.291035,49.228565,11.91899,87.59624,56.59173,27.403765
700,48.344475,49.573483,11.485129,87.44784,57.09094,26.90629
701,48.378357,49.82663,11.192111,87.63547,57.537724,26.563454
702,48.881508,49.629944,10.622192,87.535065,58.279125,25.977037
703,48.612385,50.033604,10.367581,87.89088,58.634262,25.798018
704,48.271114,50.367058,9.922755,87.92996,59.18343,25.354301
705,47.669632,49.94282,10.537749,88.00276,59.693153,25.00666
706,47.052776,48.59122,11.204104,88.08998,60.389553,24.60778
707,47.467247,45.37761,12.751296,87.896706,61.000034,24.275843
708,46.32496,42.817127,15.004197,87.83774,61.48032,23.985666
709,45.201298,40.208706,18.211971,87.78579,61.894066,23.855942
710,43.907074,38.58037,21.245045,87.883064,62.21688,23.789434
711,42.820377,38.04391,23.941648,87.92567,62.619205,23.778782
712,40.87116,39.079884,25.784966,88.1851,62.876675,23.877735
713,40.946064,41.404953,26.165752,88.7281,62.91377,24.389914
714,41.39548,44.491226,26.615942,88.810265,63.306725,24.332308
715,42.12503,47.61906,25.992298,88.73965,63.748447,23.926672
716,42.792892,50.33214,25.110836,88.91134,64.019615,23.71235
717,43.303825,53.4208,24.055367,88.915886,64.31327,23.79625
718,43.827435,56.535908,22.80792,88.76054,64.74966,23.782585
719,43.82897,58.6667,21.404242,88.82537,65.13716,23.836794
720,43.830395,60.177193,20.398249,88.6662,65.49197,23.784676
721,43.62389,60.7405,19.67162,88.65858,65.78156,23.776655
722,43.356026,60.75442,19.174847,88.85971,66.02958,23.878428
723,43.07357,60.554173,18.693037,88.83118,66.31813,23.9053
724,42.997925,60.168594,18.655418,88.85049,66.47769,23.96494
725,42.876293,59.967384,18.481476,88.97903,66.508575,24.031042
726,42.861668,60.025993,18.501417,88.79697,66.67452,24.071884
727,42.81854,59.611263,18.617456,89.09668,66.69798,24.21913
728,42.91319,59.098446,18.694508,89.239426,66.83233,24.28727
729,43.045464,58.627464,18.7549,89.25918,66.95443,24.36299
730,43.010727,58.227386,18.733433,89.28513,67.044304,24.46043
731,43.02837,58.03666,18.679148,89.542114,66.98503,24.642431
732,42.950214,57.859608,18.613028,89.672386,66.99016,24.784718
733,42.993076,57.798916,18.584085,89.80767,67.001755,24.87961
734,42.871452,57.641083,18.548197,89.890945,67.004234,25.071156
735,43.046017,57.92434,18.526712,90.495674,66.96591,25.304794
736,43.027363,57.605423,18.494669,90.69906,67.019325,25.47932
737,43.137592,57.197796,18.580505,90.90461,67.03883,25.704895
738,43.229115,56.900776,18.586153,91.07486,67.168785,25.902885
739,43.2427,56.71395,18.59181,91.11202,67.37043,26.028738
740,43.169975,56.54325,18.651745,91.37063,67.47535,26.155064
741,43.19582,56.41271,18.572058,90.163284,67.830444,26.252737
742,43.17246,56.243412,18.613028,90.2336,68.08234,26.351229
743,43.04457,56.08465,18.680393,90.39767,68.16182,26.518608
744,43.097004,55.76148,18.811008,90.37564,68.47612,26.589157
745,43.220154,55.45091,18.839138,90.41215,68.74938,26.628622
746,43.27444,55.117607,18.926743,90.3976,69.05566,26.662334
747,43.34062,54.810493,19.060593,90.33627,69.404,26.644815
748,43.344948,54.508568,19.215189,90.2974,69.703026,26.67638
749,43.389328,54.151184,19.337702,90.35033,69.99582,26.690662
750,43.4524,53.91691,19.452656,90.407265,70.43792,26.721832
751,43.48627,53.616207,19.647156,90.4529,70.81625,26.700886
752,43.477085,53.34974,19.789318,90.55433,71.15832,26.727581
753,43.481125,53.10909,19.87277,90.70503,71.48928,26.719007
754,43.731495,53.389587,19.316044,91.89751,71.54486,26.716713
755,43.776154,53.043385,19.475368,91.99735,71.89674,26.705856
756,43.790367,52.61282,19.577461,92.04914,72.29515,26.640718
757,43.898617,52.14239,19.726147,92.19051,72.59887,26.652332
758,44.04431,51.655216,19.838968,92.37439,72.874725,26.643347
759,43.993923,51.23183,19.989094,92.3557,73.25359,26.649652
760,43.947666,50.740692,20.156923,92.27912,73.53407,26.658733
761,43.92796,50.318935,20.276236,92.34189,73.86954,26.630383
762,43.932167,49.91557,20.46909,92.2851,74.10997,26.634321
763,44.0712,49.426655,20.614603,92.49225,74.32401,26.654577
764,44.10256,48.989166,20.685226,92.348274,74.67747,26.594572
765,44.09291,48.56856,20.903284,92.38157,74.971054,26.516113
766,44.155933,48.08555,21.017673,92.45122,75.143616,26.485615
767,44.232117,47.58404,21.223244,92.57941,75.40023,26.454615
768,44.29168,47.17896,21.363922,92.525826,75.77244,26.396847
769,44.36901,46.79157,21.454346,92.67406,75.96602,26.347681
770,44.516426,46.315285,21.662672,92.680786,76.290146,26.221684
771,44.634186,45.85813,21.78256,92.77053,76.562965,26.0639
772,44.717186,45.43687,21.87325,93.089874,76.69453,26.035336
773,44.930004,44.949947,21.977413,93.28188,76.92299,25.977669
774,45.069454,44.524506,22.115461,93.48469,77.18374,25.904284
775,45.18578,44.0987,22.326077,93.51684,77.44951,25.77181
776,45.39114,43.705936,22.417051,93.81643,77.399895,25.716814
777,45.463886,43.32444,22.669304,93.949615,77.479004,25.583609
778,45.58603,42.995667,22.71891,94.34831,77.33472,25.520975
779,45.482697,42.65996,22.773088,94.47992,77.379776,25.369379
780,45.724625,42.2356,22.8504,94.52186,77.493935,25.198393
781,45.74854,41.91786,22.89156,94.57877,77.50303,25.017807
782,45.894997,41.439266,23.04487,95.0747,77.29032,24.903278
783,46.092075,40.958015,23.117846,95.784904,76.90115,24.725199
784,46.06646,40.53459,23.262691,95.701065,76.79432,24.57822
785,46.180008,40.16563,23.385132,96.06185,76.33503,24.395903
786,46.370693,39.80212,23.386147,96.37009,75.9635,24.257902
787,46.42991,39.464478,23.526928,96.27882,75.52587,23.98932
788,46.507492,39.181656,23.57006,96.24425,75.12954,23.653736
789,46.77403,38.88476,23.620127,96.35093,74.576904,23.332693
790,46.99082,38.53645,23.614817,96.657425,74.09023,22.914034
791,47.16742,38.193733,23.616043,96.790504,73.87785,22.510729
792,47.38022,37.874428,23.628723,96.503716,74.25318,22.553755
793,47.699356,37.519886,23.598936,96.32783,75.42288,23.293758
794,48.009464,37.04282,23.693449,96.04681,77.05008,24.507679
795,48.33515,36.554955,23.751776,95.970924,78.78986,25.74002
796,48.700718,35.9701,23.655695,95.74419,80.23639,27.107588
797,48.834415,35.512516,23.675611,95.43178,80.271736,28.474813
798,48.713913,35.25094,23.617987,94.89225,78.68913,29.513084
799,48.917477,34.837147,23.784168,94.549866,76.1013,30.213459
800,49.160706,34.44391,23.922462,94.06328,73.14859,30.168005
801,49.310993,34.19466,23.28741,93.47902,69.62644,30.25927
802,49.472343,34.023026,23.180756,92.6962,65.72282,30.640804
803,49.53874,33.967686,22.939072,91.92308,61.0952,31.596275
804,49.6079,33.996452,22.67129,91.32915,56.303905,33.035023
805,49.82946,34.09677,22.076658,91.17478,51.4069,34.976048
806,50.01208,34.066505,22.062607,90.600624,46.919827,37.199436
807,50.078533,34.279434,21.225574,90.71342,42.874886,39.03649
808,50.036854,34.429836,21.047552,90.94729,39.38182,40.429302
809,50.15203,34.567043,20.906424,91.05494,36.47608,40.810028
810,50.103638,34.76929,20.664934,91.15056,34.24811,40.446426
811,50.25875,34.775387,20.288372,90.55615,33.194202,39.688553
812,50.214222,35.29313,19.906149,90.37923,32.852818,38.14355
813,50.23132,35.55057,19.538296,90.397995,32.94121,36.220646
814,50.19898,35.8185,19.127867,90.416626,33.45747,34.738422
815,50.13206,36.198956,18.737854,90.60705,34.181995,36.25887
816,50.04584,36.416645,18.373352,90.91462,33.888462,37.475754
817,49.909653,36.461365,18.05615,90.97583,33.860413,38.458767
818,49.87968,36.49257,17.800854,90.69132,34.02195,39.284264
819,49.81149,36.584045,17.749899,90.40822,34.124825,39.991875
820,49.763973,36.788757,17.392096,90.21497,34.207344,40.572655
821,49.622528,37.096413,17.222591,90.04247,34.28882,41.128506
822,49.556465,37.578503,16.796122,90.15967,34.59501,41.489666
823,49.555725,37.910046,16.612593,89.71066,35.072437,41.76671
824,49.33104,38.69125,16.248386,89.65489,35.76313,42.273643
825,49.49035,39.364033,15.752256,89.72728,36.433064,42.420143
826,49.487793,39.957577,15.648594,89.76892,36.95219,42.527954
827,49.376957,40.60905,15.253197,90.11591,37.151764,42.65633
828,49.319717,41.138226,15.057794,90.269135,37.345165,42.73131
829,49.14976,41.439396,14.73742,90.49172,37.64088,42.28987
830,49.132076,42.035275,14.368875,90.13965,37.90193,41.92535
831,49.152924,42.463196,14.058463,90.05433,38.262684,41.580845
832,49.235775,42.80532,13.751187,89.81973,38.84877,41.57068
833,49.410755,42.79038,13.324414,90.053276,39.940292,41.716736
834,49.348312,43.135033,12.624356,89.35622,40.768612,40.975784
835,49.356438,43.20236,12.220886,89.31964,41.696842,40.146572
836,49.362648,43.100456,11.703664,89.203156,42.623295,39.236122
837,49.332268,42.645935,11.347463,89.99539,43.374184,38.61219
838,49.31029,41.90088,10.6809845,89.438255,44.20437,37.382214
839,48.891243,41.261776,10.367771,89.35038,45.166576,36.57344
840,48.558533,40.40177,10.315494,89.33242,46.235607,35.17714
841,48.278164,39.22022,10.46736,89.51201,47.165752,34.251266
842,47.73715,38.12481,11.083686,89.543785,48.2487,33.447266
843,47.21486,36.75896,11.661669,89.510185,49.434715,32.7177
844,46.51911,35.312946,12.722345,89.31293,50.782127,31.758875
845,46.47546,33.299774,14.321542,89.35576,52.16755,30.180136
846,45.74669,32.118107,15.900719,89.26832,53.33327,29.0595
847,44.85193,31.717,18.26328,89.2451,54.34433,28.070662
848,44.000557,31.072298,20.0375,89.269356,55.332386,27.160372
849,43.457344,30.621052,21.910913,89.201324,56.43923,26.472855
850,42.474464,30.675535,23.415537,89.297714,57.82495,26.209963
851,42.03582,30.726406,24.769659,89.18944,58.88563,25.624144
852,41.78263,30.893063,25.890718,89.20976,59.985107,25.14253
853,41.57052,31.326128,26.64238,89.24353,60.94749,24.819635
854,41.4375,31.704285,27.562017,88.90955,61.998287,24.416119
855,41.35834,32.204674,28.281282,88.58513,63.010193,24.035946
856,41.248154,32.89047,28.849323,88.58934,63.943817,23.73833
857,41.20249,33.682564,29.791521,88.507195,64.85236,23.464275
858,41.462563,34.45229,30.289944,88.44953,65.85792,23.140049
859,41.76571,35.63757,30.416645,88.2977,66.63483,22.858192
860,42.208466,37.454105,30.280205,88.48529,67.21529,22.789326
861,42.681564,39.65886,29.867851,88.68858,67.687874,22.686754
862,43.381954,41.465244,29.36767,88.68194,68.328835,22.652702
863,43.79922,43.756332,28.645077,89.15393,68.59547,22.727928
864,44.28894,46.36624,27.660227,89.37407,68.97713,22.696917
865,44.56213,49.03181,26.877184,89.511566,69.34183,22.717096
866,44.609028,51.977413,25.77167,89.91937,69.50911,22.896528
867,44.480156,54.816948,24.75571,89.94706,70.040794,22.88947
868,44.35481,57.696304,23.71015,90.176445,70.33109,22.903688
869,44.235867,60.161835,22.856636,90.24037,70.78539,22.893982
870,43.91201,62.435745,21.981146,90.43737,71.299255,22.870733
871,43.6365,64.3767,21.08695,90.59581,71.71232,22.866507
872,43.403812,65.86728,20.177834,90.69716,72.24114,22.81311
873,43.20458,67.383606,19.131878,90.918144,72.62488,22.96389
874,43.052933,68.63376,18.197094,90.51074,73.233505,22.939737
875,42.989914,69.63975,18.512295,90.016785,73.81759,23.013323
876,42.964794,70.595566,17.039148,90.18701,74.16705,22.999716
877,42.819523,71.15556,16.456642,90.27748,74.64176,23.046276
878,42.77627,71.08745,17.024996,90.32866,75.06687,23.017498
879,42.81563,71.46369,16.549429,90.592186,75.419235,23.078733
880,42.99367,71.665405,15.677979,89.91778,75.32145,23.05504
881,43.18815,71.52044,15.549814,89.93547,75.63903,23.11218
882,43.305855,70.413994,16.061327,89.867615,76.059364,23.137163
883,43.23616,69.85603,16.077244,89.93675,76.36287,23.163086
884,43.33944,69.93548,15.803248,90.0103,76.54165,23.31903
885,43.241085,69.289505,15.768047,89.82897,76.880455,23.381819
886,43.168537,68.93762,15.731764,90.33982,77.227554,23.876074
887,43.187565,68.36996,15.891106,90.57892,77.502205,23.95225
888,43.24873,68.03237,15.876642,90.43413,77.586006,24.086649
889,43.294712,67.5294,15.816898,90.436714,77.85931,24.05085
890,43.21788,67.26438,15.729143,90.56121,78.038155,24.162434
891,43.144295,67.02643,15.70572,90.55472,78.09482,24.244967
892,43.160763,66.67275,15.712696,90.92862,78.2876,24.28561
893,43.178635,66.43016,15.734472,90.65869,77.99256,24.450958
894,43.18785,66.04939,15.70577,90.69214,78.04398,24.4337
895,43.23431,65.78846,15.705948,91.1645,78.3825,24.596354
896,43.15539,65.51331,15.676349,90.80118,78.27535,24.713724
897,43.162807,65.22604,15.678712,91.09832,78.52796,24.849014
898,43.216682,64.863625,15.622504,91.4009,78.722916,24.927856
899,43.253967,64.6888,15.618382,90.96271,78.40204,24.93996
900,43.33598,64.47642,15.667347,91.16709,79.15232,24.93088
901,43.36209,64.11441,15.666615,91.36844,79.258354,24.981401
902,43.31724,63.730736,15.898075,91.9989,79.885475,24.90893
903,43.42146,63.221436,16.58347,93.19595,79.56103,24.923294
904,43.353638,62.564453,16.756971,93.27319,79.68571,24.941637
905,43.39589,62.056717,16.87382,93.43186,79.85829,24.912668
906,43.29774,61.496548,16.989641,93.63326,79.91378,24.930117
907,43.438602,60.98933,17.188105,93.598785,80.236496,24.912367
908,43.471172,60.332554,17.291615,93.91575,80.15007,24.968567
909,43.51192,59.855766,17.447992,94.09114,80.45001,24.915998
910,43.491085,59.42362,17.51806,94.29112,80.7593,24.828413
911,43.568783,58.960655,17.655254,94.428795,81.12015,24.758808
912,43.68551,58.551514,17.80827,94.4085,81.62775,24.641596
913,43.68832,58.185566,17.952778,94.45868,82.20306,24.60422
914,43.726604,57.878246,18.059313,93.52702,83.019394,24.494661
915,43.75297,57.643597,18.269785,93.57529,83.40266,24.411442
916,43.867527,57.18163,18.392368,94.07312,83.82825,24.278303
917,43.933456,56.850708,18.561377,94.07771,84.108665,24.141434
918,43.94607,56.37511,18.785933,94.3991,84.26057,24.048578
919,43.99654,56.00038,19.041855,94.45253,84.50192,23.977482
920,44.079807,55.630966,19.328955,94.51488,84.90162,24.026941
921,44.117626,55.195347,19.534477,94.748024,84.50652,23.533506
922,44.303516,54.715553,18.8646,95.955185,83.95221,23.39616
923,44.263184,54.188118,19.124844,96.3885,84.352165,23.521496
924,44.326645,53.67053,19.319036,96.678795,84.03292,23.250385
925,44.226746,53.14076,19.683424,97.00174,84.04586,23.238201
926,44.348278,52.815815,19.808899,97.043015,84.14152,23.19604
927,44.32853,52.320087,20.06939,97.15573,84.13628,23.108438
928,44.316742,51.93909,20.191345,97.23212,84.17085,23.205738
929,44.455856,51.340782,20.369158,97.55462,84.127525,23.153906
930,44.38465,50.862076,20.471415,97.5516,84.17164,23.087444
931,44.340996,50.50525,20.628555,97.724434,84.14159,22.970953
932,44.426777,50.067368,20.809116,97.69743,84.085785,22.942995
933,44.542824,49.606625,20.957594,97.760506,84.14256,22.799526
934,44.559288,49.13012,21.087074,97.904526,84.062584,22.713587
935,44.561127,48.527737,21.346638,98.010666,83.845024,22.592249
936,44.64457,48.000896,21.479671,98.4215,83.69259,22.506035
937,44.714237,47.474907,21.6134,98.63928,83.486084,22.399672
938,44.802147,46.96104,21.793922,98.60544,83.32427,22.285381
939,44.910145,46.498318,21.903553,98.750854,82.97538,22.220613
940,44.878475,46.21251,22.068497,98.82008,82.77261,22.146038
941,45.037563,45.835728,22.200935,98.78481,82.59861,22.026455
942,45.04971,45.375603,22.363276,98.67585,82.39949,21.88869
943,45.105885,44.93657,22.526964,98.741455,82.1712,21.733261
944,45.21715,44.498447,22.703571,98.340675,82.34967,21.586208
945,45.30233,44.108242,22.802177,98.16916,82.51569,21.494627
946,45.524082,43.58909,22.996412,98.05478,82.79761,21.530016
947,45.550156,43.108524,23.164587,97.85477,83.385704,21.742334
948,45.72746,42.68871,23.379787,97.85012,83.861115,22.141745
949,45.837467,42.237926,23.524515,97.68729,84.51219,22.586906
950,46.015957,41.730427,23.70232,97.40506,85.20697,23.181335
951,46.14029,41.278564,23.900227,97.26406,85.640144,24.11307
952,46.184685,40.749153,24.089912,96.97993,85.872246,25.021303
953,46.237743,40.18695,23.656502,96.66775,85.66276,25.498446
954,46.34837,39.62601,24.064924,96.480934,84.71154,26.315914
955,46.382706,39.118298,24.567226,96.05555,83.61036,27.153107
956,46.442883,38.64191,24.682053,95.55853,82.39044,27.374329
957,46.50417,38.239323,24.741125,95.26016,80.85158,27.466042
958,46.551075,38.0019,24.694849,94.69176,79.38956,27.401665
959,46.722023,37.56731,24.858301,94.17691,77.820694,27.467182
960,46.867,37.26669,24.972061,94.124794,75.673904,27.500542
961,46.773746,37.166874,24.845114,93.84539,73.326935,27.562403
962,46.95648,36.83032,24.689926,93.29627,70.97844,27.929163
963,46.90862,36.55294,24.736652,93.03468,68.067566,28.048258
964,47.080227,36.32375,24.523623,92.460815,65.17203,28.613209
965,47.274338,35.85644,24.530533,92.26121,62.156574,29.38575
966,47.400074,35.527103,24.46683,91.980034,59.229874,30.270748
967,47.275955,35.484863,24.287703,91.82847,55.924644,31.606306
968,47.35293,35.34519,24.049576,91.88515,52.935547,33.15367
969,47.529697,35.131016,24.038277,92.17306,49.939034,34.667145
970,47.66777,34.9716,23.88396,92.44025,47.05353,36.162872
971,47.756252,34.8277,23.63663,92.8163,44.40797,37.571163
972,47.921158,34.548073,23.454891,93.23066,41.91609,38.93823
973,48.07771,34.482876,23.184391,93.55856,39.496067,39.850994
974,48.419556,34.38901,22.999027,93.78751,37.2414,40.543766
975,48.6584,34.22451,22.865778,93.911,35.23309,40.842068
976,48.795654,34.13515,22.67983,94.14001,33.34219,40.757515
977,48.997074,34.159424,22.420616,94.172516,31.84422,40.436592
978,49.074406,34.398735,21.920969,94.55715,30.534004,39.82693
979,49.430294,34.37735,21.555628,94.68833,29.468327,39.00952
980,49.69248,34.356174,21.285177,94.56707,28.64021,37.99405
981,49.946606,34.5091,21.010273,94.54849,28.057924,36.69928
982,49.948936,34.912853,20.724976,94.47138,27.607752,35.48085
983,49.944054,35.04245,20.53262,94.66407,27.533699,34.592503
984,49.816742,35.50374,20.34215,94.655464,27.69995,33.83582
985,49.48375,36.168644,20.161116,94.07082,27.83103,32.642124
986,49.4735,36.300426,19.557934,93.87282,28.131094,31.57264
987,49.545258,36.6224,19.174128,93.67974,28.62819,31.371723
988,49.461613,37.03492,18.804323,93.66803,29.372189,31.920973
989,49.626163,37.324207,18.523392,93.80804,29.413918,32.528492
990,49.025974,38.161015,18.21691,94.094635,28.952139,33.634304
991,49.165173,38.247524,17.95425,94.5282,28.865273,34.79952
992,49.173122,38.403393,17.358955,93.58214,28.77743,35.254875
993,49.131916,38.53638,17.069227,93.06184,29.1602,35.42228
994,49.214005,38.788197,16.795946,92.34219,29.692472,35.49435
995,48.84212,39.088074,16.544044,91.885254,30.158804,35.301525
996,49.0023,39.215878,16.273302,91.852356,30.445301,35.648792
997,48.6882,39.686146,15.95146,91.67552,30.739819,36.06485
998,48.53248,40.034798,15.614958,91.659195,31.069046,36.54155
999,48.449543,40.166435,15.23227,91.902016,31.360456,37.03047
1000,48.218784,40.61861,14.998655,92.16834,31.745935,37.555706
1001,48.373287,40.869152,14.584422,92.120605,32.105892,38.082825
1002,48.61434,40.774708,14.308807,92.39066,32.39464,38.7403
1003,48.605606,41.077908,13.978808,92.28036,32.569286,39.22874
1004,48.616604,41.132504,13.584388,92.627365,32.951454,39.58963
1005,48.652767,41.043587,13.272168,92.60702,33.291515,39.837074
1006,48.61041,41.016487,13.013519,91.99768,33.41487,40.13819
1007,48.490273,40.834805,12.158925,92.225235,34.110092,40.269802
1008,48.334362,40.276657,12.064015,91.95288,34.26025,40.464233
1009,48.021877,39.72818,12.056088,92.23052,34.680626,40.595676
1010,47.62261,38.885155,12.126747,91.86692,35.045387,40.695705
1011,47.514984,37.03673,13.057202,91.27378,35.27349,40.797356
1012,46.747128,35.707394,14.481657,91.42517,35.953587,40.90795
1013,45.942856,34.394257,16.554356,90.90175,36.23293,41.00152
1014,44.91808,33.401215,18.742914,90.867165,36.905777,41.085644
1015,43.635128,33.19221,21.444307,91.03016,37.464054,41.223454
1016,42.488888,32.974056,23.813492,90.84118,38.054146,41.35693
1017,41.540585,33.102055,25.595898,90.82429,38.57015,41.35761
1018,41.188267,33.583195,26.823887,90.55646,39.210274,41.430378
1019,40.937042,34.84688,28.082119,91.08636,39.689342,40.99077
1020,41.182243,36.581,28.723341,90.95327,40.2041,41.479572
1021,41.58837,38.941353,28.54157,90.79993,40.670162,41.3668
1022,42.400093,41.57744,28.164568,90.694115,41.340076,41.148907
1023,43.076317,45.04742,27.405693,91.144585,41.86624,41.078625
1024,43.68638,48.906208,26.277325,91.03252,42.505028,40.825047
1025,44.08335,53.352562,24.919502,91.29872,42.975983,40.545883
1026,44.114006,57.98103,23.464886,91.279335,43.563816,40.395844
1027,44.137585,62.64535,22.158735,91.624054,44.183792,40.236385
1028,44.789425,66.39126,20.729027,92.046165,44.431007,40.342922
1029,44.411865,71.19085,19.332268,92.133736,45.25737,39.896084
1030,44.256073,75.46403,17.75831,92.23476,46.246437,39.306107
1031,43.642696,79.32241,16.289515,92.33406,46.988667,38.81353
1032,43.456196,82.21439,14.798499,92.39932,47.82317,38.132122
1033,43.418564,84.115746,12.953188,92.92666,48.41313,37.467327
1034,42.81789,86.439995,11.850737,93.239456,48.70289,37.669056
1035,43.00848,86.4772,10.731538,93.318214,49.26399,37.480907
1036,42.98295,85.99268,10.236467,93.61278,49.769012,37.29296
1037,43.162502,84.57598,11.380256,93.604,50.241474,37.135746
1038,43.134384,82.851585,11.41002,93.88696,50.414062,37.200333
1039,43.09027,81.22202,11.434215,93.957344,50.859245,36.987446
1040,42.982704,79.81244,11.527433,94.252365,51.34476,36.91093
1041,43.00337,78.54569,11.640057,94.4031,51.744057,36.95063
1042,42.87648,77.525116,11.793227,94.46946,52.062042,36.845917
1043,42.720135,76.80907,11.939841,94.597694,52.344875,36.737434
1044,42.606438,76.06222,12.112075,94.56107,52.44239,37.135124
1045,42.47991,75.41019,12.275683,94.80081,52.552567,37.15833
1046,42.508244,74.77468,12.445732,94.79021,52.63513,37.11549
1047,42.60202,74.00809,12.646915,94.90441,52.71961,37.059807
1048,42.62858,73.38842,12.809543,94.90577,52.87983,36.998787
1049,42.67672,72.94158,12.9563875,95.06877,53.045925,36.998096
1050,42.914692,72.41733,13.097214,95.05343,53.391468,36.894657
1051,42.65552,72.28268,13.165775,94.994835,53.653522,36.765976
1052,42.79359,72.073906,13.249255,95.01204,53.979397,36.597424
1053,42.95504,71.724174,13.3587055,95.07809,54.335945,36.42859
1054,43.11124,71.332664,13.409531,94.87632,54.8882,36.180237
1055,43.08155,71.068596,13.472281,94.77835,55.38214,35.956173
1056,43.171474,70.76865,13.587658,94.5873,55.845158,35.676228
1057,43.187614,70.50815,13.683081,94.696205,56.405605,35.41851
1058,43.29802,70.03598,13.803414,94.7236,56.78487,35.182247
1059,43.335827,69.605095,13.892877,94.65996,57.28648,35.069122
1060,43.32257,69.23333,13.959937,94.63261,57.67152,34.859848
1061,43.28878,68.74112,14.068807,94.54819,57.894737,34.77445
1062,43.293167,68.06728,14.19326,94.759926,58.119034,34.79249
1063,43.51115,67.757774,14.333384,94.75973,58.355568,34.631954
1064,43.62089,66.8721,14.465466,94.80303,58.70595,34.499146
1065,43.55727,66.59642,14.545718,94.73687,58.94219,34.438076
1066,43.657314,66.19288,14.621455,94.67932,59.439445,34.2437
1067,43.76249,65.4452,14.741138,94.77476,59.80949,34.01841
1068,43.85158,65.08124,14.853327,94.78396,60.157707,33.990517
1069,43.543728,64.519966,15.16435,95.05948,60.477497,33.909184
1070,43.599163,64.31023,15.259427,95.15188,60.826603,33.81478
1071,43.671104,63.69466,15.41239,95.21308,61.094017,33.779716
1072,43.81972,63.18701,15.550349,95.282265,61.594498,33.62129
1073,43.672905,62.726036,15.689828,95.39938,61.931263,33.402
1074,43.789326,62.11095,15.870649,95.363014,62.38589,33.228317
1075,43.863037,61.482758,16.014069,95.12317,63.023983,32.88737
1076,43.926636,60.79918,16.175396,95.45779,63.346825,32.665226
1077,43.942596,60.102566,16.38804,95.43225,63.80688,32.470413
1078,43.885883,59.535076,16.547558,95.651245,64.19196,32.307964
1079,43.941925,59.054474,16.726337,95.72204,64.591515,32.16588
1080,43.958725,58.493744,16.930296,95.746574,65.123375,31.93847
1081,43.701164,58.052036,17.034637,95.695946,65.616035,31.723423
1082,43.864147,57.497746,17.238834,95.824715,66.02567,31.622005
1083,43.84589,56.89919,17.380632,95.92235,66.45562,31.394962
1084,43.602863,56.512157,17.481459,95.806786,67.05137,31.183025
1085,43.68,55.928337,17.617697,95.886215,67.44361,30.968056
1086,43.705116,55.414577,17.76778,95.95719,67.793686,30.787834
1087,43.663734,55.001057,17.831326,95.99988,68.22518,30.56518
1088,43.742214,54.505135,17.970707,96.03274,68.78773,30.252064
1089,43.69852,54.094807,18.119474,96.07523,69.27086,30.02954
1090,43.608643,53.715878,18.242292,96.215195,69.56934,29.835674
1091,43.609726,53.28092,18.426184,96.272995,70.11086,29.635393
1092,43.77656,52.690933,18.608503,96.43314,70.43284,29.506521
1093,43.697407,52.288895,18.734293,96.44056,70.97837,29.234137
1094,43.5742,51.999302,18.85767,96.42893,71.35598,29.110828
1095,43.538193,51.72249,19.039677,96.36792,71.735176,28.886904
1096,43.764786,51.38121,19.213362,96.31737,72.07269,28.723137
1097,43.691475,51.011234,19.369947,96.23513,72.5508,28.601818
1098,43.61006,50.690075,19.507988,96.496925,72.90204,28.388042
1099,43.574463,50.374363,19.649368,96.11825,73.30941,28.225286
1100,43.549057,50.03253,19.774172,96.15616,73.7728,28.055237
1101,43.647755,49.746796,19.921478,96.101814,74.076645,27.886099
1102,43.458187,49.482254,20.090975,96.05399,74.38296,27.795912
1103,43.414707,49.213146,20.22557,96.08035,74.686195,27.630926
1104,43.303337,49.01547,20.36487,96.42688,74.64696,27.54701
1105,43.218,48.71297,20.49111,96.512474,74.87027,27.398764
1106,43.151123,48.495995,20.631968,96.854904,74.892624,27.345602
1107,43.032436,48.294727,20.758656,96.995255,74.87352,27.297283
1108,42.975517,48.075428,20.883434,97.21019,74.88617,27.246714
1109,42.92577,47.80107,21.021357,97.12628,75.09827,27.14586
1110,42.86502,47.586624,21.147684,97.152954,75.09099,27.134535
1111,42.778454,47.470448,21.229593,97.20424,75.2359,27.071777
1112,42.821247,47.29999,21.355164,97.126076,75.47681,26.945839
1113,42.795998,47.140232,21.48716,96.8633,75.813515,26.81478
1114,42.783543,46.875366,21.615152,96.71543,76.10816,26.667013
1115,42.796455,46.708546,21.74251,96.62822,76.31474,26.563683
1116,42.821003,46.5496,21.818487,96.70824,76.46534,26.46494
1117,42.6517,46.39255,21.915743,96.75549,76.635376,26.383032
1118,42.652367,46.29161,22.02907,96.83979,76.81142,26.214016
1119,42.527252,46.24844,22.092772,97.109,76.75145,26.166288
1120,42.430912,46.16057,22.174803,97.15804,76.92961,26.043955
1121,42.431385,46.04168,22.249115,97.39278,76.900856,26.003908
1122,42.406204,45.88118,22.33335,97.32585,77.08841,25.884209
1123,42.41913,45.82882,22.448938,97.463646,77.10522,25.780466
1124,42.33544,45.744343,22.488096,97.62176,77.12643,25.681122
1125,42.22932,45.616264,22.58095,97.66716,77.2238,25.563143
1126,42.14725,45.471783,22.64975,97.63209,77.37292,25.434462
1127,42.09158,45.300167,22.693659,97.87647,77.44313,25.349478
1128,42.009937,45.167053,22.755676,97.8347,77.53453,25.22429
1129,41.96121,45.023136,22.864555,98.08556,77.59282,25.171267
1130,41.849995,44.840492,22.893263,98.108025,77.50412,25.061419
1131,41.77226,44.6218,23.020702,98.12569,77.57128,24.948332
1132,41.66589,44.48515,23.083776,98.34798,77.58331,24.838253
1133,41.593174,44.388725,23.222633,98.510544,77.64605,24.696198
1134,41.450077,44.17194,23.373995,98.566124,77.74388,24.601841
1135,41.372482,44.154232,23.536575,98.51129,77.901115,24.49387
1136,41.30273,44.071674,23.684965,98.425865,77.95914,24.317068
1137,41.308727,43.92724,23.817917,98.619705,77.88161,24.235409
1138,41.29079,43.6452,23.96879,98.61026,77.92906,24.149115
1139,41.349655,43.500526,24.102894,98.16284,78.26252,24.01996
1140,41.241535,43.459087,24.182192,98.21074,78.29327,23.98349
1141,41.112305,43.37452,24.308575,98.22251,78.27475,23.950232
1142,40.93424,43.303078,24.446577,98.03211,78.28175,23.906784
1143,40.924965,43.135548,24.53726,97.8246,78.23659,23.836058
1144,40.824898,43.082233,24.592611,97.77052,78.058525,23.744812
1145,40.73472,43.041008,24.676344,97.47046,78.093414,23.569
1146,40.534157,43.008766,24.737713,97.25779,77.84874,23.403322
1147,40.492443,42.920803,24.83595,96.79686,77.66833,23.249928
1148,40.591633,42.80645,24.891157,96.50115,77.51243,23.289389
1149,40.43167,42.70601,24.956728,95.89437,78.186356,23.636742
1150,40.45841,42.48546,25.044273,95.065094,79.797806,24.908136
1151,40.535374,42.196053,25.142475,94.10176,81.71089,26.51654
1152,40.53207,41.839085,25.346087,93.35519,83.237236,28.06334
1153,40.239853,41.816494,25.207224,92.614235,82.92036,29.329245
1154,40.20322,41.54675,25.431185,92.002174,80.4129,30.117912
1155,40.24192,41.26758,25.713099,91.3357,77.55683,30.449505
1156,40.266132,40.976112,25.94004,91.195206,74.42464,30.445402
1157,40.21415,40.813416,26.085552,91.2251,70.88733,30.638186
1158,40.02812,40.767124,26.171013,90.96861,66.92914,30.935984
1159,40.18725,40.494923,26.279045,90.69018,62.435772,31.816587
1160,39.952312,40.77657,26.160976,90.565834,57.590744,33.229225
1161,39.629116,41.01196,26.009096,90.43681,52.801918,35.172775
1162,39.52909,41.111908,25.929226,90.71424,48.383102,36.600555
1163,39.736973,40.99493,25.923313,90.800285,44.50757,37.380222
1164,39.860767,41.086857,25.873615,90.77501,41.258327,38.03279
1165,39.607933,41.24199,25.80457,90.86212,39.219418,37.815945
1166,39.610283,41.419582,25.679995,90.313614,37.412586,37.845543
1167,39.581184,41.557964,25.57411,90.14892,37.346287,37.17451
1168,39.472565,41.888195,25.052105,90.06126,38.09351,37.108448
1169,39.452072,42.297565,24.803629,90.005936,38.87089,37.17188
1170,39.430573,42.63861,24.592693,89.74303,39.28546,37.431282
1171,39.58215,42.89865,24.400375,89.56093,39.323868,38.030117
1172,39.60045,43.24067,24.229141,89.57192,39.24523,38.615288
1173,39.762875,43.53546,23.981777,89.33408,39.163918,39.265858
1174,39.793976,44.064064,23.699718,89.21564,39.110214,40.04185
1175,39.933334,44.511127,23.510136,89.14089,38.96831,40.93026
1176,40.054787,44.896194,23.027452,89.121284,38.79979,41.81158
1177,40.211636,45.226673,22.767971,88.96665,38.823006,42.591522
1178,40.35626,45.725395,22.445118,88.96668,38.96935,43.215324
1179,40.7475,45.90458,22.174984,88.84487,39.26154,43.636986
1180,41.04415,46.247234,21.812624,88.89346,39.763447,43.791595
1181,41.45451,46.415066,21.567755,88.88174,40.252026,43.88719
1182,41.675056,46.641285,21.210865,88.71077,40.569263,43.853424
1183,42.71391,45.337887,21.045155,88.947296,41.15804,43.325943
1184,42.86254,45.34189,20.656193,89.086006,41.78226,42.70142
1185,43.29335,45.518375,20.262562,89.0103,42.22629,42.306526
1186,43.569744,45.63004,19.895182,89.01542,42.93041,41.98569
1187,43.193783,47.25471,19.547169,88.725845,43.844013,41.56992
1188,43.410774,47.554626,19.174742,88.78827,44.567745,40.80581
1189,43.761364,47.729053,18.94882,88.74141,45.413937,39.947704
1190,44.02334,47.94402,18.64932,88.7746,45.963913,39.279324
1191,44.15723,48.098713,18.24961,88.34103,46.84552,38.33058
1192,44.401085,47.96667,17.937038,88.33557,47.791885,37.451588
1193,44.60168,47.934372,17.376608,88.30008,48.70456,36.41626
1194,45.053146,47.914734,16.765488,87.881775,49.848755,35.019276
1195,45.156136,48.095543,16.37436,88.05442,51.079845,33.941357
1196,45.52679,48.081944,15.897066,88.1469,52.127113,32.775936
1197,45.706264,47.993603,15.117422,88.49337,53.06058,31.51139
1198,45.79564,47.908882,14.460188,87.15182,54.18964,30.44726
1199,46.760376,46.076637,13.846275,87.20446,55.299156,29.011244
1200,46.60127,45.98719,13.23821,87.109344,56.653503,28.068768
1201,45.2771,47.545822,12.852432,87.03427,57.907528,27.342203
1202,44.783714,46.682312,12.920987,86.76723,59.00701,26.613096
1203,44.096443,44.92183,14.45986,87.04481,59.879322,26.030348
1204,43.28493,42.63371,17.16023,87.31699,60.863827,25.638779
1205,42.478905,40.368713,20.20531,87.89602,62.278633,25.297857
1206,41.72368,38.46726,22.98643,88.11037,62.712204,25.004036
1207,41.24241,37.157093,25.232737,88.236725,63.50281,24.551958
1208,40.999546,36.89476,27.119368,88.868706,64.66451,24.278767
1209,41.11786,37.78005,28.106516,89.620316,65.525345,24.097088
1210,41.42279,39.47569,28.496538,89.72561,66.07486,23.857208
1211,41.751892,42.048347,28.805645,90.0761,66.81426,23.826057
1212,42.4588,44.732517,28.370684,90.46988,67.75259,23.565712
1213,42.927887,47.32676,27.534838,90.37237,68.31152,23.47561
1214,43.437893,49.90736,26.412174,90.76504,69.27496,23.39653
1215,43.47267,53.270706,25.21209,90.69353,70.24764,23.164675
1216,43.45891,57.072403,23.76388,91.45288,71.36474,23.133904
1217,44.27494,60.86058,21.994144,92.063354,71.33202,23.228903
1218,43.926544,65.24245,20.318943,92.03792,71.78399,23.011532
1219,43.267803,69.553764,18.537577,92.21637,73.13008,22.74279
1220,43.20315,72.91852,17.012768,92.57036,74.04372,22.602827
1221,43.19843,75.50448,15.236988,92.06628,75.47498,22.429487
1222,43.37265,76.77135,13.49829,93.078804,76.33405,22.288082
1223,43.605526,76.97368,13.058018,92.69187,76.96199,22.08824
1224,43.489975,76.23738,12.952153,93.06582,78.03352,22.680422
1225,43.486526,74.917656,13.965004,93.30043,78.06937,22.541838
1226,43.525272,73.61645,14.305891,93.691124,77.9851,22.5774
1227,43.356773,72.357666,14.716195,93.6352,78.23078,22.561642
1228,43.171944,71.129105,15.155796,93.49976,78.70765,22.566982
1229,43.142773,69.849205,15.577588,93.43053,78.726555,22.664785
1230,43.055534,68.72714,15.905292,93.365105,79.329666,22.704483
1231,43.08224,67.640274,16.270597,93.419426,79.67571,22.80675
1232,42.910362,66.58036,16.577042,93.435074,80.20158,22.81991
1233,42.979794,65.49993,16.967432,93.47878,80.48736,22.874512
1234,42.902252,64.52957,17.344206,93.562874,80.65413,22.926266
1235,43.0069,63.432304,17.72076,93.96383,81.18457,22.846893
1236,43.097145,62.332714,18.089869,94.21719,81.51263,22.85377
1237,43.199425,61.405766,18.430862,94.152824,81.85437,22.734432
1238,43.362965,60.531666,18.72354,94.110085,82.397896,22.718653
1239,43.23726,59.867123,18.962297,94.093315,82.754776,22.64981
1240,43.340984,59.115593,19.16744,94.00717,83.39735,22.5836
1241,43.41129,58.49929,19.410065,93.99073,83.888664,22.46998
1242,43.431038,57.946693,19.659737,94.11322,84.45559,22.33965
1243,43.579338,57.40441,19.880405,93.88151,84.56165,22.2619
1244,43.81751,56.89212,20.088928,94.08857,84.77205,22.15275
1245,43.799057,56.36374,20.256556,94.23006,85.09489,22.0837
1246,43.83104,55.88874,20.444172,94.56125,85.36851,21.968294
1247,43.934902,55.266476,20.675993,94.76534,85.542534,21.813948
1248,44.03934,54.62476,20.881622,94.78106,85.71295,21.6811
1249,44.07203,53.959488,21.132038,94.88309,85.70248,21.640633
1250,44.0415,53.287632,21.353794,95.21602,85.76718,21.492855
1251,44.024414,52.589397,21.578522,95.3468,85.48213,21.483347
1252,44.012447,51.972427,21.791824,96.21292,85.86333,21.368618
1253,44.136765,51.29858,22.07185,96.31159,85.84679,21.300808
1254,44.17706,50.604053,22.31616,96.33434,85.87941,21.212591
1255,44.203438,49.88245,22.538168,96.366936,85.93371,20.882025
1256,44.280575,49.206383,22.752762,96.485214,85.84782,20.807493
1257,44.29664,48.50167,22.961466,96.50982,85.732285,20.77093
1258,44.26544,47.918926,23.095026,96.58722,85.70912,20.634972
1259,44.307777,47.30579,23.315115,96.19418,85.67584,20.536299
1260,44.2386,46.696392,23.547699,96.08771,85.640816,20.38597
1261,44.24244,46.141243,23.793566,96.30901,85.50776,20.188593
1262,44.422882,45.41541,24.036274,96.219475,85.4823,20.037043
1263,44.512825,44.822803,24.146702,96.238045,85.42153,19.826023
1264,44.570545,44.228134,24.269272,96.13609,85.30468,19.558016
1265,44.442432,43.642113,24.37299,96.16523,85.30948,19.320276
1266,44.430668,43.072964,24.466614,96.2746,85.24482,19.161846
1267,44.351864,42.549896,24.55928,95.643425,85.819565,18.963453
1268,44.337025,41.8649,24.727959,95.48404,86.29708,19.108284
1269,44.355957,41.28699,24.810066,95.218956,87.08771,19.572344
1270,44.19988,40.875084,24.918198,94.77394,88.40328,20.334063
1271,44.122147,40.512836,24.940065,94.34856,89.53709,21.320372
1272,44.20372,40.050274,24.915247,93.706116,89.79919,22.314352
1273,44.25296,39.581,25.292208,93.08771,89.50961,24.422907
1274,44.342796,39.034878,25.3298,92.42437,88.47677,25.627687
1275,44.23221,38.63188,25.449884,91.94862,86.90954,26.49164
1276,44.297115,38.292446,26.083286,91.27824,84.51499,27.444998
1277,44.153908,38.400078,26.100416,90.759254,82.05558,27.532408
1278,44.097248,37.66994,25.757063,89.60127,80.59746,27.126484
1279,44.137722,37.377888,25.830675,89.20705,78.11283,27.25459
1280,44.046017,37.112167,25.920937,89.04746,75.38475,27.510317
1281,44.218,36.74918,26.094778,88.59461,72.55993,27.91715
1282,44.32978,36.05756,25.684914,88.38178,69.05761,28.550983
1283,44.286922,36.0627,25.710075,88.99273,65.60909,28.85712
1284,44.080555,36.036144,25.497953,88.12309,61.957115,29.751987
1285,44.035397,35.981647,25.538233,88.27281,58.27781,31.11627
1286,44.206184,35.76438,25.517685,88.61505,54.684338,32.615948
1287,44.248314,35.763397,25.358528,89.009384,51.30252,34.3046
1288,44.058155,35.95298,25.104984,90.36189,48.49617,35.901417
1289,44.020428,35.87191,24.978476,89.463066,45.20245,37.500427
1290,44.074253,36.01588,24.762877,90.9316,42.96048,38.814117
1291,43.779816,36.464554,24.43792,90.767265,40.771427,39.779327
1292,43.872704,36.53932,24.18555,90.94362,38.778763,40.234642
1293,43.838715,36.620705,24.009363,90.74065,37.602177,40.403126
1294,43.99698,36.467064,23.62564,90.806175,36.6374,39.89751
1295,43.951797,36.642494,23.386251,90.55658,36.05303,39.115604
1296,44.013958,36.72557,23.19538,90.42157,35.645817,37.90521
1297,44.40881,36.62221,22.92729,90.187584,35.866657,36.492798
1298,44.30791,36.835426,22.681477,90.35485,36.395958,35.88411
1299,44.498604,36.84131,22.537241,90.46702,37.309765,35.977913
1300,44.500652,36.97231,22.301567,90.65764,37.751247,36.451088
1301,44.550354,37.17986,22.044079,90.90086,37.967262,36.979618
1302,44.580418,37.412014,21.791328,90.735146,38.33547,37.383728
1303,44.68158,37.624924,21.706776,90.437325,38.413456,37.91489
1304,44.79049,37.8483,21.602652,90.011696,38.46549,38.484898
1305,44.792755,38.15062,21.327482,89.89781,38.686386,38.840687
1306,44.734913,38.59848,20.859737,89.547806,38.866962,39.32032
1307,44.878185,38.93191,20.717215,89.24086,39.105114,39.70972
1308,44.881195,39.31985,20.428347,89.20635,39.211,40.236183
1309,44.9452,39.638206,20.38639,89.17729,39.427387,40.62994
1310,45.06707,39.95942,20.017267,89.11426,39.635887,41.068207
1311,45.190903,40.23438,19.821482,89.229805,39.674343,41.409554
1312,45.129097,40.66502,19.393297,89.27816,39.870857,41.661533
1313,44.977158,41.322044,19.352516,89.033516,40.171467,41.67787
1314,45.070904,41.479496,19.22356,89.10769,40.355556,41.75735
1315,45.161613,41.502094,19.055708,89.12195,40.636982,41.83443
1316,45.204052,41.422497,18.880257,89.274086,40.967087,41.822845
1317,45.203697,41.353947,18.712952,89.26168,41.429096,41.808968
1318,45.153816,41.38922,18.534632,89.145386,41.87006,41.6632
1319,45.238026,41.225758,18.395527,89.37625,42.085842,41.801483
1320,45.159195,41.222347,18.272345,89.234055,42.607533,41.522423
1321,45.308292,41.1887,18.098963,89.23199,42.924664,41.338455
1322,45.27535,41.175957,18.266245,89.29755,43.230705,41.297714
1323,45.295956,41.151917,18.034952,89.44305,43.574917,41.11225
1324,45.341908,41.16371,17.932959,89.39996,44.213028,40.725895
1325,45.235966,41.309574,17.817078,89.44665,44.67404,40.60482
1326,45.24971,41.474606,17.576635,89.294876,45.212414,40.12853
1327,45.222042,41.73412,17.460745,89.29591,45.73732,39.75765
1328,45.268173,41.90906,17.335382,89.22672,46.14659,39.433247
1329,45.295666,42.117657,17.209,89.55105,46.452095,39.028477
1330,45.65214,41.976795,17.119604,89.69069,46.869984,37.38198
1331,45.697605,42.044205,16.968437,89.72473,47.324574,36.925797
1332,45.633087,42.384457,16.844687,89.304855,48.0941,36.18096
1333,45.82893,42.50715,16.783178,89.73476,48.427216,35.825706
1334,45.913425,42.708965,16.612806,89.6365,48.991753,35.25035
1335,46.233265,42.6415,16.621346,89.496544,49.516666,34.771442
1336,46.188904,42.864967,16.21289,89.42816,50.112133,34.219257
1337,46.301247,43.06947,16.043987,89.494316,50.561615,33.777756
1338,46.437355,43.3206,15.707397,89.504906,51.268894,33.181694
1339,46.588642,43.467922,15.479286,89.47167,51.921474,32.37225
1340,46.6823,43.731773,15.250108,89.63028,52.393757,32.01568
1341,46.8197,43.918488,15.069225,89.75809,53.025387,31.538725
1342,46.908382,44.10864,14.887738,89.06067,53.855278,30.894361
1343,46.957527,44.412243,14.562637,89.236115,54.35415,30.560614
1344,47.142036,44.63701,14.431794,89.30469,55.039974,30.111744
1345,47.269,44.938793,14.089388,89.5204,55.857628,29.561676
1346,47.400276,45.19216,13.82048,89.683586,56.719135,29.176634
1347,47.435165,45.55621,13.540436,89.66943,57.51597,28.751902
1348,47.47154,45.88055,13.181854,89.529976,58.48862,28.077028
1349,47.787712,46.090805,12.822706,89.63599,59.4768,27.608871
1350,47.73773,46.557056,12.404782,89.9664,60.317017,27.126244
1351,47.728664,47.04389,12.180682,88.753975,61.074455,26.711805
1352,47.994625,47.164635,11.709302,88.989586,62.00222,26.380396
1353,48.179573,47.386692,11.180246,89.14325,62.71224,26.017893
1354,48.148907,47.3821,10.314044,89.236145,63.57893,25.683422
1355,48.3421,46.979603,9.742796,89.063385,64.42683,25.22139
1356,48.78846,45.633545,9.3115635,89.03012,65.32771,23.977213
1357,48.792374,44.247795,9.658767,89.16727,65.91985,24.047926
1358,48.303055,42.807213,10.301829,89.38848,66.8006,24.119806
1359,47.767193,40.96687,11.780923,89.294975,67.63298,24.106457
1360,46.576157,39.27493,14.055201,89.04778,68.43023,24.262672
1361,45.641056,37.285294,16.148663,89.23128,69.08755,24.093191
1362,44.627136,35.150394,18.623877,89.11821,69.9179,23.760904
1363,43.313446,33.59744,21.114906,89.28015,70.29727,23.522326
1364,41.915962,32.56036,24.059078,89.53988,71.02548,23.123594
1365,40.56773,31.538223,26.33903,89.7789,71.69116,23.283264
1366,39.63312,31.118696,27.60293,89.862366,72.33077,22.926695
1367,38.956905,31.459303,28.839277,90.19116,73.091415,22.907822
1368,38.70413,32.271366,29.200113,90.35988,73.79934,22.736784
1369,38.98476,33.348526,29.916592,90.41348,74.68676,22.591415
1370,39.568535,34.781715,30.360159,90.73188,75.02598,22.504633
1371,40.347515,36.54205,30.961014,91.02706,75.67801,22.404833
1372,41.068935,38.666775,30.60248,91.24311,76.30306,22.315683
1373,41.730892,40.840805,30.093136,91.79131,76.71852,22.346378
1374,42.3658,42.934498,29.505398,92.09456,77.2268,22.272104
1375,42.91672,45.26375,28.645681,92.3994,77.63716,22.175798
1376,43.18411,47.785927,27.808493,92.46185,78.211006,22.016281
1377,43.26021,50.39969,26.870733,92.778725,78.670876,21.943287
1378,43.27547,53.202503,25.92785,93.47569,78.77992,21.914902
1379,43.338245,55.633,24.394926,96.44308,79.16272,21.914692
1380,43.31936,58.59755,23.182655,96.81357,79.37486,21.879757
1381,43.050274,61.516533,23.016151,94.04172,80.33139,21.824404
1382,43.05121,64.47312,22.084198,94.29657,80.7052,21.828482
1383,42.897408,67.63368,21.20992,94.58737,81.07942,21.781868
1384,42.88539,71.173454,20.18398,95.04525,81.42998,21.78947
1385,42.8895,74.41835,19.32168,95.2835,81.76532,21.750658
1386,43.103413,77.928795,18.299501,95.655396,82.07889,21.655676
1387,43.148846,80.4791,17.179216,95.6085,83.374916,22.00336
1388,43.415108,82.71872,16.291183,95.06262,83.056015,21.907572
1389,43.545784,84.61426,15.563185,95.87285,83.2694,21.89229
1390,43.88507,85.718346,14.394847,97.229416,82.556206,21.919056
1391,44.159885,86.19893,13.967353,97.58921,82.5166,21.801214
1392,44.252422,84.87775,14.17637,97.88527,82.46698,21.771725
1393,44.39306,82.80285,14.49524,98.37697,82.29165,21.691
1394,44.462933,80.98304,14.8099,98.34932,82.31479,21.568565
1395,44.36623,79.688614,15.041944,98.558556,82.11284,21.534008
1396,44.316536,78.605095,15.216873,98.7551,81.9546,21.584787
1397,44.21962,77.71232,15.419506,98.95456,81.795654,21.57434
1398,44.412685,76.81086,15.776742,99.08689,81.675545,21.455036
1399,44.39658,75.8696,16.139402,99.47681,81.09651,21.334314
1400,44.42264,74.94591,16.509878,99.24735,80.8232,21.102615
1401,44.292393,74.138985,16.872032,99.2621,80.726944,21.07512
1402,44.194557,73.22567,17.156954,99.03662,80.498116,21.110754
1403,44.242905,71.93463,16.859,99.19387,80.26114,21.157127
1404,44.265476,70.84943,17.277466,98.90751,80.22284,21.2351
1405,44.392963,69.71247,17.69115,98.44549,80.49141,21.065622
1406,44.525215,68.68473,18.017084,98.380905,80.5529,20.832935
1407,44.541107,67.659195,18.337858,98.49408,80.53617,20.636211
1408,44.67671,66.82862,18.606083,98.343094,80.72546,20.386635
1409,44.759274,66.259674,18.796164,98.45142,80.66655,20.231241
1410,44.85482,65.6403,18.953762,98.18304,81.04043,20.09862
1411,44.88174,64.98979,19.116701,97.92228,81.186325,20.030302
1412,45.104317,64.31712,19.347395,97.98032,81.28556,19.978241
1413,45.20347,63.614132,19.600298,97.8497,81.32311,19.862108
1414,45.28396,62.80414,19.850506,97.842865,81.24935,19.661524
1415,45.292812,62.109856,20.078505,98.42893,81.152374,19.498596
1416,45.273148,61.506752,20.271357,98.66561,80.96679,19.35668
1417,45.374264,60.75875,20.473387,98.1125,80.65521,19.213156
1418,45.39483,60.26306,20.68863,98.65985,80.13427,19.056149
1419,45.29619,59.84228,20.890484,98.575966,80.057945,18.901953
1420,45.28947,59.386395,21.089827,97.83395,80.277016,18.703455
1421,45.167053,59.08093,21.292654,98.15055,80.22644,18.548658
1422,45.16167,58.68807,21.463942,98.221466,80.48302,18.432005
1423,45.02082,58.372078,21.535234,98.082596,80.69303,18.346485
1424,44.99567,58.063892,21.645187,97.97666,80.24751,18.3057
1425,44.94602,57.811737,21.785118,98.220955,80.034904,18.254168
1426,44.770016,57.66016,21.88859,98.24697,79.86435,18.113073
1427,44.7574,57.35676,22.055323,98.31114,79.39264,18.047125
1428,44.72174,56.95806,22.19101,98.5587,79.353264,17.851713
1429,44.745823,56.665123,22.298174,98.56693,79.35448,17.698544
1430,44.75893,56.395523,22.335938,98.33151,79.27147,17.558928
1431,44.676918,56.215183,22.424368,97.93541,79.32603,17.463009
1432,44.550987,56.05748,22.536093,98.56237,79.10583,17.269394
1433,44.463135,55.842224,22.667036,97.85245,79.06987,17.06284
1434,44.376083,55.614517,22.822435,97.62274,79.10043,16.981562
1435,44.31186,55.36157,22.960476,97.49856,79.23086,17.036049
1436,44.22269,55.064816,23.021488,97.389175,79.91213,17.443403
1437,44.268166,54.832706,23.175062,97.26435,81.04088,18.368486
1438,44.256207,54.498837,23.267422,98.604,82.59769,19.731619
1439,44.267826,54.464134,23.670158,96.75752,84.421005,20.853666
1440,44.136597,53.87234,23.424877,96.110176,85.930305,22.512627
1441,44.26161,53.099327,23.735336,95.44277,86.51399,24.626793
1442,44.214283,52.760895,23.972658,94.88356,86.48436,25.57495
1443,44.202946,52.42514,24.29197,94.06206,85.647644,26.455067
1444,44.19763,51.98452,24.361277,93.97228,83.405685,26.750914
1445,44.14879,51.54978,24.246279,93.35227,81.3483,26.790037
1446,44.17054,51.077953,24.500408,92.67262,78.63965,27.201475
1447,44.033665,50.692696,24.595089,92.54547,75.68793,27.1788
1448,43.89488,50.343838,24.679222,92.13497,72.53429,27.431198
1449,44.07637,49.777767,24.816658,91.77258,68.97324,27.787432
1450,44.094315,49.46046,24.845,91.01971,65.06029,28.809563
1451,43.74729,49.467236,24.885405,90.764114,60.875607,29.342327
1452,43.713303,49.251377,25.010715,90.0791,56.8822,31.027744
1453,43.735832,49.029922,25.120008,90.01879,53.045876,32.471897
1454,44.059734,48.505222,25.194807,90.01863,49.348736,33.951515
1455,43.790062,48.357494,25.265968,91.25513,46.601692,34.81097
1456,43.808277,48.039505,25.313261,90.331856,43.63798,35.693554
1457,43.797657,47.74041,25.418291,91.456764,41.54244,36.4108
1458,43.44896,47.735523,25.441618,91.469826,39.737053,36.69546
1459,43.436993,47.558838,25.525286,91.563545,38.49999,36.48308
1460,43.38837,47.397312,25.522116,90.35368,37.525517,35.929264
1461,43.377167,47.247055,25.63795,91.41461,37.65514,35.453407
1462,43.188213,47.181408,25.602158,91.696976,37.47886,35.107525
1463,43.050316,47.123405,25.49559,91.67487,37.543575,34.339104
1464,42.862373,47.0425,25.552433,91.9549,37.562885,33.927776
1465,42.80091,46.916523,25.493574,92.20173,37.562878,34.296764
1466,42.7046,46.748127,25.525635,93.09782,37.312584,34.81253
1467,42.643673,46.482365,25.51457,93.30171,37.204926,35.430214
1468,42.521126,46.34535,25.5591,93.3791,37.3227,35.58191
1469,42.44704,46.227707,25.560642,93.12943,37.330105,36.045303
1470,42.3749,46.052826,25.576382,92.9682,37.22579,36.328796
1471,42.29737,45.913754,25.497717,92.42052,37.276035,36.685417
1472,42.29433,45.78369,25.35569,91.36862,37.008003,36.93518
1473,42.24595,45.80582,25.298523,91.2885,36.915688,37.37005
1474,42.14609,45.827854,25.194807,91.270645,36.842194,37.627296
1475,42.066307,45.865013,25.094099,91.236176,36.792572,37.844303
1476,41.861744,46.062996,24.999702,91.36122,36.923233,38.097996
1477,41.93605,45.945408,24.908785,91.40845,36.774227,38.256428
1478,41.851902,46.149273,24.809914,92.6212,37.071842,38.5782
1479,41.823536,46.228104,24.71187,91.55319,36.648754,38.770714
1480,41.750427,46.306744,24.591478,91.42171,36.822876,38.788815
1481,41.704685,46.419537,24.49629,92.7158,37.256443,38.802437
1482,41.660942,46.495842,24.35154,91.53395,36.964283,38.89422
1483,41.514317,46.58609,24.227636,91.43661,36.92169,39.13311
1484,41.464165,46.568886,24.128237,91.44378,36.89848,39.241867
1485,41.361626,46.651184,24.050274,91.31108,36.83388,39.638714
1486,41.385635,46.533943,23.95394,91.234665,36.928696,39.68043
1487,41.256893,46.580605,23.903254,91.13644,36.874107,39.772964
1488,40.97183,46.706734,23.81537,91.058,37.05527,39.900635
1489,40.923813,46.646534,23.810795,91.05909,37.060814,40.12703
1490,40.82808,46.613064,23.866217,90.72401,37.249,40.172802
1491,40.784336,46.572933,23.89182,91.01163,37.237213,40.495094
1492,40.78281,46.46041,23.89243,90.77799,37.458195,40.560463
1493,40.70144,46.417965,23.865433,90.81174,37.448208,40.753414
1494,40.667583,46.163944,23.486807,90.62391,37.51845,40.921707
1495,40.61722,46.045246,23.486807,90.657135,37.802155,40.89431
1496,40.65297,45.927982,23.442575,90.024506,37.88832,40.848534
1497,40.622833,45.9493,23.347622,89.995186,38.068993,40.90805
1498,40.390694,46.00611,23.37249,90.32262,38.307877,41.08368
1499,40.366703,46.05205,23.292637,90.4777,38.5997,40.907604
1500,40.413837,46.020916,23.306217,89.97895,38.54817,40.95166
1501,40.355045,46.103077,23.166828,90.24846,38.900402,40.789833
1502,40.351643,46.318645,23.0909,90.229065,39.21715,40.70586
1503,40.271156,46.572853,23.03509,89.50905,39.172073,40.705246
1504,40.215523,46.830772,23.01077,90.18619,39.490677,40.70162
1505,40.295258,47.08074,22.914682,89.29458,39.471077,40.689247
1506,40.283703,47.288757,22.903952,89.08039,39.509506,40.661682
1507,40.227303,47.496544,22.799631,89.24236,39.718082,40.697933
1508,40.294525,47.658493,22.754166,89.078766,39.79303,40.68011
1509,40.239357,47.733593,22.666346,91.125534,40.453957,40.763557
1510,40.233936,47.896782,22.602116,90.1254,40.23084,40.655994
1511,40.201645,48.113754,22.465282,91.35184,40.71222,40.695774
1512,40.279385,48.13563,22.43543,91.28781,40.882435,40.689945
1513,40.16805,48.327156,22.329594,91.42911,41.05457,40.50087
1514,40.20849,48.425404,22.239948,91.374214,41.252415,40.42
1515,40.14506,48.491634,22.256907,91.38699,41.350574,40.342896
1516,40.150692,48.516083,22.234173,91.236984,41.656574,40.13307
1517,40.17394,48.539143,22.197865,90.10618,41.34251,40.077362
1518,40.209034,48.55092,22.129961,90.0033,41.589123,39.91152
1519,40.140724,48.665295,22.117067,91.46306,42.060764,39.94874
1520,40.14929,48.68845,22.10421,91.478134,42.26437,39.761124
1521,40.285305,48.673935,22.078293,91.601616,42.373947,39.760567
1522,40.343445,48.75122,22.07944,91.5382,42.647472,39.514885
1523,40.074253,49.10978,22.017748,91.29533,42.83714,39.36087
1524,40.330696,49.07482,22.029451,91.39084,42.989216,39.314083
1525,40.249218,49.22339,21.940737,91.65274,42.954823,39.403103
1526,40.293655,49.442513,21.816935,91.62505,43.00113,39.382973
1527,40.231266,49.49446,21.85223,91.498886,43.13299,39.26915
1528,40.393448,49.554684,21.774128,91.50953,43.296852,39.14586
1529,40.393833,49.574142,21.738636,91.564224,43.41347,39.109665
1530,40.301178,49.60126,21.682423,91.501144,43.397003,39.18487
1531,40.298286,49.68967,21.641224,91.38579,43.64207,38.91221
1532,40.3951,49.581066,21.680704,91.42733,43.728374,38.949986
1533,40.415207,49.619476,21.602179,91.26097,43.849915,38.894966
1534,40.412308,49.869637,21.46466,91.289246,43.84596,38.865536
1535,40.50848,49.94553,21.363987,91.34036,43.81414,38.97712
1536,40.524605,50.010136,21.315027,91.21432,42.305138,36.82296
1537,40.55192,50.08204,21.251303,91.07261,43.68505,38.571636
1538,40.634327,50.080074,21.199091,90.97009,43.72149,38.502495
1539,40.70017,50.00211,21.186573,90.83486,43.70241,38.461163
1540,40.643387,50.107906,21.157213,90.63373,43.937862,38.206287
1541,40.782578,50.130222,21.14968,90.55746,43.949776,38.251953
1542,40.660583,50.326084,21.089779,90.63245,44.059925,38.267082
1543,40.834473,50.35925,21.060862,90.55757,43.939987,38.348324
1544,40.863388,50.49093,21.020844,90.5853,43.939472,38.40226
1545,40.83991,50.64351,20.934723,90.39077,44.00685,38.499336
1546,40.8924,50.65577,20.921005,90.12858,44.139732,38.455208
1547,40.997925,50.640427,20.843273,90.19694,44.172882,38.50797
1548,41.115856,50.740826,20.76011,89.90375,44.28498,38.34669
1549,41.332645,50.818924,20.673061,89.72885,44.362507,38.389015
1550,41.175255,50.864006,20.535208,89.76685,44.39831,38.38818
1551,41.28566,50.98633,20.469433,89.75955,44.321186,38.526543
1552,41.288048,51.147717,20.423122,89.67588,44.278538,38.560734
1553,41.38352,51.25364,20.347277,89.60824,44.327442,38.611946
1554,41.41398,51.388203,20.21647,89.435814,44.408554,38.526844
